时间戳,时间,动作,方向,市场,价格,数量,USDC金额,OutcomeIndex
1765386024,2025-12-11 01:00:24,BUY,Down,btc-updown-15m-1765386000,0.5500001898736581,1.316665,0.724166,1
1765386024,2025-12-11 01:00:24,BUY,Down,btc-updown-15m-1765386000,0.55,4.35,2.3925,1
1765386024,2025-12-11 01:00:24,BUY,Down,btc-updown-15m-1765386000,0.55,7.0,3.85,1
1765386024,2025-12-11 01:00:24,BUY,Down,btc-updown-15m-1765386000,0.55,7.0,3.85,1
1765386024,2025-12-11 01:00:24,BUY,Down,btc-updown-15m-1765386000,0.55,5.43,2.9865,1
1765386024,2025-12-11 01:00:24,BUY,Down,btc-updown-15m-1765386000,0.55,1.22,0.671,1
1765386024,2025-12-11 01:00:24,BUY,Down,btc-updown-15m-1765386000,0.55,5.0,2.75,1
1765386024,2025-12-11 01:00:24,BUY,Down,btc-updown-15m-1765386000,0.55,5.35,2.9425,1
1765386024,2025-12-11 01:00:24,BUY,Down,btc-updown-15m-1765386000,0.55,0.65,0.3575,1
1765386026,2025-12-11 01:00:26,BUY,Up,btc-updown-15m-1765386000,0.44,17.7,7.788,0
1765386030,2025-12-11 01:00:30,BUY,Up,btc-updown-15m-1765386000,0.43,18.0,7.74,0
1765386030,2025-12-11 01:00:30,BUY,Up,btc-updown-15m-1765386000,0.43,18.0,7.74,0
1765386030,2025-12-11 01:00:30,BUY,Up,btc-updown-15m-1765386000,0.43,18.0,7.74,0
1765386030,2025-12-11 01:00:30,BUY,Up,btc-updown-15m-1765386000,0.43,18.0,7.74,0
1765386030,2025-12-11 01:00:30,BUY,Down,btc-updown-15m-1765386000,0.56,6.12,3.4272,1
1765386030,2025-12-11 01:00:30,BUY,Down,btc-updown-15m-1765386000,0.56,11.88,6.6528,1
1765386030,2025-12-11 01:00:30,BUY,Up,btc-updown-15m-1765386000,0.43,18.0,7.74,0
1765386030,2025-12-11 01:00:30,BUY,Up,btc-updown-15m-1765386000,0.43,18.0,7.74,0
1765386030,2025-12-11 01:00:30,BUY,Up,btc-updown-15m-1765386000,0.43,18.0,7.74,0
1765386032,2025-12-11 01:00:32,BUY,Down,btc-updown-15m-1765386000,0.58,18.0,10.44,1
1765386032,2025-12-11 01:00:32,BUY,Down,btc-updown-15m-1765386000,0.56,10.0,5.6,1
1765386032,2025-12-11 01:00:32,BUY,Down,btc-updown-15m-1765386000,0.56,7.0,3.92,1
1765386032,2025-12-11 01:00:32,BUY,Down,btc-updown-15m-1765386000,0.56,1.0,0.56,1
1765386032,2025-12-11 01:00:32,BUY,Down,btc-updown-15m-1765386000,0.56,5.0,2.8,1
1765386032,2025-12-11 01:00:32,BUY,Down,btc-updown-15m-1765386000,0.58,18.0,10.44,1
1765386034,2025-12-11 01:00:34,BUY,Down,btc-updown-15m-1765386000,0.58,18.0,10.44,1
1765386036,2025-12-11 01:00:36,BUY,Up,btc-updown-15m-1765386000,0.41,10.88,4.4608,0
1765386036,2025-12-11 01:00:36,BUY,Up,btc-updown-15m-1765386000,0.4100000195227146,16.903387,6.930389,0
1765386038,2025-12-11 01:00:38,BUY,Up,btc-updown-15m-1765386000,0.41,1.09,0.4469,0
1765386038,2025-12-11 01:00:38,BUY,Up,btc-updown-15m-1765386000,0.41,18.0,7.38,0
1765386038,2025-12-11 01:00:38,BUY,Up,btc-updown-15m-1765386000,0.4100000463914026,7.113387,2.916489,0
1765386038,2025-12-11 01:00:38,BUY,Down,btc-updown-15m-1765386000,0.5700000165721044,10.861626,6.191127,1
1765386038,2025-12-11 01:00:38,BUY,Down,btc-updown-15m-1765386000,0.5700001329091706,2.558138,1.458139,1
1765386038,2025-12-11 01:00:38,BUY,Down,btc-updown-15m-1765386000,0.5700001329091706,2.558138,1.458139,1
1765386038,2025-12-11 01:00:38,BUY,Up,btc-updown-15m-1765386000,0.41,18.0,7.38,0
1765386040,2025-12-11 01:00:40,BUY,Down,btc-updown-15m-1765386000,0.5800000728000116,7.142856,4.142857,1
1765386040,2025-12-11 01:00:40,BUY,Down,btc-updown-15m-1765386000,0.57,2.01,1.1457,1
1765386040,2025-12-11 01:00:40,BUY,Down,btc-updown-15m-1765386000,0.57,18.0,10.26,1
1765386040,2025-12-11 01:00:40,BUY,Down,btc-updown-15m-1765386000,0.57,18.0,10.26,1
1765386040,2025-12-11 01:00:40,BUY,Down,btc-updown-15m-1765386000,0.57,18.0,10.26,1
1765386040,2025-12-11 01:00:40,BUY,Up,btc-updown-15m-1765386000,0.4,7.0,2.8,0
1765386042,2025-12-11 01:00:42,BUY,Up,btc-updown-15m-1765386000,0.4,18.0,7.2,0
1765386042,2025-12-11 01:00:42,BUY,Up,btc-updown-15m-1765386000,0.40000002400000384,8.333332,3.333333,0
1765386042,2025-12-11 01:00:42,BUY,Up,btc-updown-15m-1765386000,0.4,2.66,1.064,0
1765386042,2025-12-11 01:00:42,BUY,Down,btc-updown-15m-1765386000,0.57,13.0,7.41,1
1765386042,2025-12-11 01:00:42,BUY,Down,btc-updown-15m-1765386000,0.57,18.0,10.26,1
1765386042,2025-12-11 01:00:42,BUY,Up,btc-updown-15m-1765386000,0.40000002400000384,8.333332,3.333333,0
1765386044,2025-12-11 01:00:44,BUY,Down,btc-updown-15m-1765386000,0.56,18.0,10.08,1
1765386044,2025-12-11 01:00:44,BUY,Down,btc-updown-15m-1765386000,0.57,18.0,10.26,1
1765386044,2025-12-11 01:00:44,BUY,Down,btc-updown-15m-1765386000,0.57,18.0,10.26,1
1765386044,2025-12-11 01:00:44,BUY,Up,btc-updown-15m-1765386000,0.4,1.666665,0.666666,0
1765386044,2025-12-11 01:00:44,BUY,Down,btc-updown-15m-1765386000,0.56,18.0,10.08,1
1765386044,2025-12-11 01:00:44,BUY,Down,btc-updown-15m-1765386000,0.5700000702333453,6.976743,3.976744,1
1765386044,2025-12-11 01:00:44,BUY,Up,btc-updown-15m-1765386000,0.41,1.05,0.4305,0
1765386044,2025-12-11 01:00:44,BUY,Up,btc-updown-15m-1765386000,0.41000000531000047,16.949151,6.949152,0
1765386044,2025-12-11 01:00:44,BUY,Down,btc-updown-15m-1765386000,0.56,18.0,10.08,1
1765386046,2025-12-11 01:00:46,BUY,Down,btc-updown-15m-1765386000,0.59,13.0,7.67,1
1765386046,2025-12-11 01:00:46,BUY,Down,btc-updown-15m-1765386000,0.58,16.0,9.28,1
1765386046,2025-12-11 01:00:46,BUY,Up,btc-updown-15m-1765386000,0.3800000225454742,1.774192,0.674193,0
1765386046,2025-12-11 01:00:46,BUY,Down,btc-updown-15m-1765386000,0.59,5.0,2.95,1
1765386046,2025-12-11 01:00:46,BUY,Down,btc-updown-15m-1765386000,0.58,2.0,1.16,1
1765386048,2025-12-11 01:00:48,BUY,Up,btc-updown-15m-1765386000,0.38,18.0,6.84,0
1765386048,2025-12-11 01:00:48,BUY,Up,btc-updown-15m-1765386000,0.38,15.0,5.7,0
1765386048,2025-12-11 01:00:48,BUY,Up,btc-updown-15m-1765386000,0.38,15.0,5.7,0
1765386048,2025-12-11 01:00:48,BUY,Up,btc-updown-15m-1765386000,0.3800001215687228,1.64516,0.625161,0
1765386048,2025-12-11 01:00:48,BUY,Up,btc-updown-15m-1765386000,0.38,1.22,0.4636,0
1765386050,2025-12-11 01:00:50,BUY,Up,btc-updown-15m-1765386000,0.39,18.0,7.02,0
1765386050,2025-12-11 01:00:50,BUY,Up,btc-updown-15m-1765386000,0.38,18.0,6.84,0
1765386050,2025-12-11 01:00:50,BUY,Up,btc-updown-15m-1765386000,0.38,3.0,1.14,0
1765386050,2025-12-11 01:00:50,BUY,Up,btc-updown-15m-1765386000,0.38,18.0,6.84,0
1765386050,2025-12-11 01:00:50,BUY,Up,btc-updown-15m-1765386000,0.38,18.0,6.84,0
1765386052,2025-12-11 01:00:52,BUY,Up,btc-updown-15m-1765386000,0.37,15.0,5.55,0
1765386054,2025-12-11 01:00:54,BUY,Up,btc-updown-15m-1765386000,0.37,3.0,1.11,0
1765386062,2025-12-11 01:01:02,BUY,Down,btc-updown-15m-1765386000,0.6,12.75,7.65,1
1765386064,2025-12-11 01:01:04,BUY,Down,btc-updown-15m-1765386000,0.59,1.79,1.0561,1
1765386064,2025-12-11 01:01:04,BUY,Down,btc-updown-15m-1765386000,0.5900001287603965,2.951218,1.741219,1
1765386064,2025-12-11 01:01:04,BUY,Down,btc-updown-15m-1765386000,0.59,6.0,3.54,1
1765386064,2025-12-11 01:01:04,BUY,Down,btc-updown-15m-1765386000,0.5900000553500202,4.878047,2.878048,1
1765386066,2025-12-11 01:01:06,BUY,Down,btc-updown-15m-1765386000,0.5900001763001005,2.439023,1.439024,1
1765386066,2025-12-11 01:01:06,BUY,Up,btc-updown-15m-1765386000,0.42,1.89655,0.796551,0
1765386068,2025-12-11 01:01:08,BUY,Up,btc-updown-15m-1765386000,0.46000021600011,2.037036,0.937037,0
1765386068,2025-12-11 01:01:08,BUY,Up,btc-updown-15m-1765386000,0.47000002023636656,10.377357,4.877358,0
1765386068,2025-12-11 01:01:08,BUY,Up,btc-updown-15m-1765386000,0.47,5.0,2.35,0
1765386068,2025-12-11 01:01:08,BUY,Up,btc-updown-15m-1765386000,0.46,16.0,7.36,0
1765386068,2025-12-11 01:01:08,BUY,Up,btc-updown-15m-1765386000,0.4600000250714319,10.370369,4.77037,0
1765386070,2025-12-11 01:01:10,BUY,Down,btc-updown-15m-1765386000,0.48,10.0,4.8,1
1765386070,2025-12-11 01:01:10,BUY,Down,btc-updown-15m-1765386000,0.48,8.0,3.84,1
1765386072,2025-12-11 01:01:12,BUY,Down,btc-updown-15m-1765386000,0.4800001890909966,2.326922,1.116923,1
1765386072,2025-12-11 01:01:12,BUY,Down,btc-updown-15m-1765386000,0.49,18.0,8.82,1
1765386072,2025-12-11 01:01:12,BUY,Down,btc-updown-15m-1765386000,0.48,10.923075,5.243076,1
1765386072,2025-12-11 01:01:12,BUY,Down,btc-updown-15m-1765386000,0.48,6.0,2.88,1
1765386072,2025-12-11 01:01:12,BUY,Down,btc-updown-15m-1765386000,0.48,12.0,5.76,1
1765386080,2025-12-11 01:01:20,BUY,Down,btc-updown-15m-1765386000,0.47,15.0,7.05,1
1765386080,2025-12-11 01:01:20,BUY,Down,btc-updown-15m-1765386000,0.47,3.0,1.41,1
1765386080,2025-12-11 01:01:20,BUY,Down,btc-updown-15m-1765386000,0.47,12.0,5.64,1
1765386080,2025-12-11 01:01:20,BUY,Down,btc-updown-15m-1765386000,0.47,6.0,2.82,1
1765386080,2025-12-11 01:01:20,BUY,Down,btc-updown-15m-1765386000,0.47,11.7,5.499,1
1765386080,2025-12-11 01:01:20,BUY,Down,btc-updown-15m-1765386000,0.47,6.3,2.961,1
1765386086,2025-12-11 01:01:26,BUY,Up,btc-updown-15m-1765386000,0.55,18.0,9.9,0
1765386086,2025-12-11 01:01:26,BUY,Down,btc-updown-15m-1765386000,0.44000000724138,16.571427,7.291428,1
1765386086,2025-12-11 01:01:26,BUY,Up,btc-updown-15m-1765386000,0.55,18.0,9.9,0
1765386088,2025-12-11 01:01:28,BUY,Down,btc-updown-15m-1765386000,0.46,11.0,5.06,1
1765386092,2025-12-11 01:01:32,BUY,Up,btc-updown-15m-1765386000,0.55,18.0,9.9,0
1765386094,2025-12-11 01:01:34,BUY,Down,btc-updown-15m-1765386000,0.43,18.0,7.74,1
1765386094,2025-12-11 01:01:34,BUY,Up,btc-updown-15m-1765386000,0.55,18.0,9.9,0
1765386094,2025-12-11 01:01:34,BUY,Up,btc-updown-15m-1765386000,0.55,18.0,9.9,0
1765386094,2025-12-11 01:01:34,BUY,Up,btc-updown-15m-1765386000,0.55,18.0,9.9,0
1765386094,2025-12-11 01:01:34,BUY,Up,btc-updown-15m-1765386000,0.55,18.0,9.9,0
1765386094,2025-12-11 01:01:34,BUY,Up,btc-updown-15m-1765386000,0.55,18.0,9.9,0
1765386096,2025-12-11 01:01:36,BUY,Down,btc-updown-15m-1765386000,0.43,18.0,7.74,1
1765386096,2025-12-11 01:01:36,BUY,Down,btc-updown-15m-1765386000,0.42,18.0,7.56,1
1765386096,2025-12-11 01:01:36,BUY,Down,btc-updown-15m-1765386000,0.42,18.0,7.56,1
1765386096,2025-12-11 01:01:36,BUY,Down,btc-updown-15m-1765386000,0.42,18.0,7.56,1
1765386096,2025-12-11 01:01:36,BUY,Down,btc-updown-15m-1765386000,0.42,18.0,7.56,1
1765386096,2025-12-11 01:01:36,BUY,Down,btc-updown-15m-1765386000,0.42,18.0,7.56,1
1765386098,2025-12-11 01:01:38,BUY,Down,btc-updown-15m-1765386000,0.43,5.0,2.15,1
1765386100,2025-12-11 01:01:40,BUY,Down,btc-updown-15m-1765386000,0.44,9.67,4.2548,1
1765386100,2025-12-11 01:01:40,BUY,Up,btc-updown-15m-1765386000,0.5500000750000188,5.333332,2.933333,0
1765386100,2025-12-11 01:01:40,BUY,Up,btc-updown-15m-1765386000,0.55,18.0,9.9,0
1765386100,2025-12-11 01:01:40,BUY,Up,btc-updown-15m-1765386000,0.54,18.0,9.72,0
1765386100,2025-12-11 01:01:40,BUY,Up,btc-updown-15m-1765386000,0.54,18.0,9.72,0
1765386100,2025-12-11 01:01:40,BUY,Up,btc-updown-15m-1765386000,0.54,18.0,9.72,0
1765386100,2025-12-11 01:01:40,BUY,Up,btc-updown-15m-1765386000,0.55,12.66,6.963,0
1765386100,2025-12-11 01:01:40,BUY,Up,btc-updown-15m-1765386000,0.54,18.0,9.72,0
1765386100,2025-12-11 01:01:40,BUY,Down,btc-updown-15m-1765386000,0.4400000144206036,8.321427,3.661428,1
1765386102,2025-12-11 01:01:42,BUY,Down,btc-updown-15m-1765386000,0.45000000733333423,13.636362,6.136363,1
1765386102,2025-12-11 01:01:42,BUY,Down,btc-updown-15m-1765386000,0.46,18.0,8.28,1
1765386102,2025-12-11 01:01:42,BUY,Down,btc-updown-15m-1765386000,0.46,18.0,8.28,1
1765386102,2025-12-11 01:01:42,BUY,Down,btc-updown-15m-1765386000,0.45,18.0,8.1,1
1765386104,2025-12-11 01:01:44,BUY,Up,btc-updown-15m-1765386000,0.51,13.0,6.63,0
1765386104,2025-12-11 01:01:44,BUY,Up,btc-updown-15m-1765386000,0.51,3.0,1.53,0
1765386104,2025-12-11 01:01:44,BUY,Up,btc-updown-15m-1765386000,0.52,18.0,9.36,0
1765386104,2025-12-11 01:01:44,BUY,Up,btc-updown-15m-1765386000,0.51,15.0,7.65,0
1765386104,2025-12-11 01:01:44,BUY,Up,btc-updown-15m-1765386000,0.51,3.0,1.53,0
1765386104,2025-12-11 01:01:44,BUY,Up,btc-updown-15m-1765386000,0.51,2.0,1.02,0
1765386104,2025-12-11 01:01:44,BUY,Up,btc-updown-15m-1765386000,0.51,18.0,9.18,0
1765386104,2025-12-11 01:01:44,BUY,Up,btc-updown-15m-1765386000,0.51,18.0,9.18,0
1765386106,2025-12-11 01:01:46,BUY,Up,btc-updown-15m-1765386000,0.51,18.0,9.18,0
1765386108,2025-12-11 01:01:48,BUY,Up,btc-updown-15m-1765386000,0.5494444444444444,18.0,9.89,0
1765386112,2025-12-11 01:01:52,BUY,Down,btc-updown-15m-1765386000,0.41,18.0,7.38,1
1765386112,2025-12-11 01:01:52,BUY,Down,btc-updown-15m-1765386000,0.41,18.0,7.38,1
1765386112,2025-12-11 01:01:52,BUY,Down,btc-updown-15m-1765386000,0.41,18.0,7.38,1
1765386112,2025-12-11 01:01:52,BUY,Down,btc-updown-15m-1765386000,0.41,18.0,7.38,1
1765386112,2025-12-11 01:01:52,BUY,Down,btc-updown-15m-1765386000,0.41,18.0,7.38,1
1765386112,2025-12-11 01:01:52,BUY,Down,btc-updown-15m-1765386000,0.41,18.0,7.38,1
1765386114,2025-12-11 01:01:54,BUY,Down,btc-updown-15m-1765386000,0.43,5.0,2.15,1
1765386116,2025-12-11 01:01:56,BUY,Up,btc-updown-15m-1765386000,0.55,18.0,9.9,0
1765386118,2025-12-11 01:01:58,BUY,Up,btc-updown-15m-1765386000,0.5600000273291993,7.31818,4.098181,0
1765386118,2025-12-11 01:01:58,BUY,Up,btc-updown-15m-1765386000,0.55,12.0,6.6,0
1765386118,2025-12-11 01:01:58,BUY,Up,btc-updown-15m-1765386000,0.58,18.0,10.44,0
1765386118,2025-12-11 01:01:58,BUY,Up,btc-updown-15m-1765386000,0.5800000600000109,7.333332,4.253333,0
1765386118,2025-12-11 01:01:58,BUY,Up,btc-updown-15m-1765386000,0.58,3.0,1.74,0
1765386120,2025-12-11 01:02:00,BUY,Up,btc-updown-15m-1765386000,0.58,5.0,2.9,0
1765386120,2025-12-11 01:02:00,BUY,Up,btc-updown-15m-1765386000,0.58,5.66,3.2828,0
1765386120,2025-12-11 01:02:00,BUY,Up,btc-updown-15m-1765386000,0.57,18.0,10.26,0
1765386120,2025-12-11 01:02:00,BUY,Up,btc-updown-15m-1765386000,0.57,18.0,10.26,0
1765386120,2025-12-11 01:02:00,BUY,Up,btc-updown-15m-1765386000,0.57,18.0,10.26,0
1765386120,2025-12-11 01:02:00,BUY,Up,btc-updown-15m-1765386000,0.57,18.0,10.26,0
1765386124,2025-12-11 01:02:04,BUY,Down,btc-updown-15m-1765386000,0.45,16.8,7.56,1
1765386124,2025-12-11 01:02:04,BUY,Down,btc-updown-15m-1765386000,0.45,18.0,8.1,1
1765386124,2025-12-11 01:02:04,BUY,Down,btc-updown-15m-1765386000,0.44,18.0,7.92,1
1765386126,2025-12-11 01:02:06,BUY,Down,btc-updown-15m-1765386000,0.45000010784322186,1.854544,0.834545,1
1765386126,2025-12-11 01:02:06,BUY,Down,btc-updown-15m-1765386000,0.47,18.0,8.46,1
1765386126,2025-12-11 01:02:06,BUY,Down,btc-updown-15m-1765386000,0.47,5.0,2.35,1
1765386126,2025-12-11 01:02:06,BUY,Down,btc-updown-15m-1765386000,0.45,1.2,0.54,1
1765386126,2025-12-11 01:02:06,BUY,Down,btc-updown-15m-1765386000,0.45,3.8,1.71,1
1765386128,2025-12-11 01:02:08,BUY,Down,btc-updown-15m-1765386000,0.49000000340000055,11.764704,5.764705,1
1765386130,2025-12-11 01:02:10,BUY,Up,btc-updown-15m-1765386000,0.48,12.0,5.76,0
1765386130,2025-12-11 01:02:10,BUY,Up,btc-updown-15m-1765386000,0.48,6.0,2.88,0
1765386130,2025-12-11 01:02:10,BUY,Up,btc-updown-15m-1765386000,0.48,18.0,8.64,0
1765386130,2025-12-11 01:02:10,BUY,Up,btc-updown-15m-1765386000,0.48,0.79,0.3792,0
1765386130,2025-12-11 01:02:10,BUY,Down,btc-updown-15m-1765386000,0.5200000671329047,2.979165,1.549166,1
1765386130,2025-12-11 01:02:10,BUY,Down,btc-updown-15m-1765386000,0.52,6.81,3.5412,1
1765386130,2025-12-11 01:02:10,BUY,Down,btc-updown-15m-1765386000,0.5200000503790182,7.145832,3.715833,1
1765386130,2025-12-11 01:02:10,BUY,Up,btc-updown-15m-1765386000,0.48,3.0,1.44,0
1765386130,2025-12-11 01:02:10,BUY,Up,btc-updown-15m-1765386000,0.48,15.0,7.2,0
1765386132,2025-12-11 01:02:12,BUY,Up,btc-updown-15m-1765386000,0.49,16.0,7.84,0
1765386132,2025-12-11 01:02:12,BUY,Up,btc-updown-15m-1765386000,0.48,18.0,8.64,0
1765386132,2025-12-11 01:02:12,BUY,Up,btc-updown-15m-1765386000,0.48,18.0,8.64,0
1765386132,2025-12-11 01:02:12,BUY,Up,btc-updown-15m-1765386000,0.51,18.0,9.18,0
1765386134,2025-12-11 01:02:14,BUY,Down,btc-updown-15m-1765386000,0.53,5.0,2.65,1
1765386134,2025-12-11 01:02:14,BUY,Down,btc-updown-15m-1765386000,0.5100000507843226,7.285713,3.715714,1
1765386142,2025-12-11 01:02:22,BUY,Down,btc-updown-15m-1765386000,0.53,7.0,3.71,1
1765386142,2025-12-11 01:02:22,BUY,Down,btc-updown-15m-1765386000,0.54000001677812,7.152172,3.862173,1
1765386142,2025-12-11 01:02:22,BUY,Up,btc-updown-15m-1765386000,0.45,18.0,8.1,0
1765386144,2025-12-11 01:02:24,BUY,Down,btc-updown-15m-1765386000,0.54,5.0,2.7,1
1765386144,2025-12-11 01:02:24,BUY,Down,btc-updown-15m-1765386000,0.54,2.0,1.08,1
1765386146,2025-12-11 01:02:26,BUY,Down,btc-updown-15m-1765386000,0.53,9.5,5.035,1
1765386146,2025-12-11 01:02:26,BUY,Down,btc-updown-15m-1765386000,0.53,7.0,3.71,1
1765386148,2025-12-11 01:02:28,BUY,Down,btc-updown-15m-1765386000,0.5500000419254749,7.155554,3.935555,1
1765386148,2025-12-11 01:02:28,BUY,Down,btc-updown-15m-1765386000,0.55,18.0,9.9,1
1765386150,2025-12-11 01:02:30,BUY,Down,btc-updown-15m-1765386000,0.54,16.88,9.1152,1
1765386156,2025-12-11 01:02:36,BUY,Up,btc-updown-15m-1765386000,0.48,18.0,8.64,0
1765386160,2025-12-11 01:02:40,BUY,Down,btc-updown-15m-1765386000,0.5100000616000099,7.142856,3.642857,1
1765386160,2025-12-11 01:02:40,BUY,Down,btc-updown-15m-1765386000,0.51,15.16,7.7316,1
1765386160,2025-12-11 01:02:40,BUY,Down,btc-updown-15m-1765386000,0.51,1.95,0.9945,1
1765386160,2025-12-11 01:02:40,BUY,Down,btc-updown-15m-1765386000,0.51,1.05,0.5355,1
1765386160,2025-12-11 01:02:40,BUY,Down,btc-updown-15m-1765386000,0.51,15.0,7.65,1
1765386162,2025-12-11 01:02:42,BUY,Down,btc-updown-15m-1765386000,0.55,18.0,9.9,1
1765386164,2025-12-11 01:02:44,BUY,Down,btc-updown-15m-1765386000,0.54,5.0,2.7,1
1765386164,2025-12-11 01:02:44,BUY,Down,btc-updown-15m-1765386000,0.55,18.0,9.9,1
1765386164,2025-12-11 01:02:44,BUY,Down,btc-updown-15m-1765386000,0.5400000268221636,7.45652,4.026521,1
1765386168,2025-12-11 01:02:48,BUY,Up,btc-updown-15m-1765386000,0.4700000555645551,2.339621,1.099622,0
1765386168,2025-12-11 01:02:48,BUY,Up,btc-updown-15m-1765386000,0.47000001074325026,2.792451,1.312452,0
1765386168,2025-12-11 01:02:48,BUY,Up,btc-updown-15m-1765386000,0.47,5.0,2.35,0
1765386170,2025-12-11 01:02:50,BUY,Down,btc-updown-15m-1765386000,0.53,18.0,9.54,1
1765386170,2025-12-11 01:02:50,BUY,Down,btc-updown-15m-1765386000,0.53,7.0,3.71,1
1765386178,2025-12-11 01:02:58,BUY,Up,btc-updown-15m-1765386000,0.45,18.0,8.1,0
1765386180,2025-12-11 01:03:00,BUY,Up,btc-updown-15m-1765386000,0.44,18.0,7.92,0
1765386180,2025-12-11 01:03:00,BUY,Up,btc-updown-15m-1765386000,0.44,18.0,7.92,0
1765386180,2025-12-11 01:03:00,BUY,Up,btc-updown-15m-1765386000,0.44,18.0,7.92,0
1765386180,2025-12-11 01:03:00,BUY,Up,btc-updown-15m-1765386000,0.44,18.0,7.92,0
1765386186,2025-12-11 01:03:06,BUY,Down,btc-updown-15m-1765386000,0.5400001243243747,3.21739,1.737391,1
1765386192,2025-12-11 01:03:12,BUY,Down,btc-updown-15m-1765386000,0.52,6.72,3.4944,1
1765386192,2025-12-11 01:03:12,BUY,Down,btc-updown-15m-1765386000,0.51,9.0,4.59,1
1765386192,2025-12-11 01:03:12,BUY,Down,btc-updown-15m-1765386000,0.51,13.0,6.63,1
1765386192,2025-12-11 01:03:12,BUY,Down,btc-updown-15m-1765386000,0.51,2.0,1.02,1
1765386192,2025-12-11 01:03:12,BUY,Down,btc-updown-15m-1765386000,0.5100000233333446,3.857141,1.967142,1
1765386192,2025-12-11 01:03:12,BUY,Down,btc-updown-15m-1765386000,0.51,5.0,2.55,1
1765386192,2025-12-11 01:03:12,BUY,Down,btc-updown-15m-1765386000,0.52,18.0,9.36,1
1765386192,2025-12-11 01:03:12,BUY,Down,btc-updown-15m-1765386000,0.5100001085946292,3.775509,1.92551,1
1765386192,2025-12-11 01:03:12,BUY,Down,btc-updown-15m-1765386000,0.52,18.0,9.36,1
1765386194,2025-12-11 01:03:14,BUY,Up,btc-updown-15m-1765386000,0.47,15.0,7.05,0
1765386194,2025-12-11 01:03:14,BUY,Down,btc-updown-15m-1765386000,0.53,5.0,2.65,1
1765386194,2025-12-11 01:03:14,BUY,Down,btc-updown-15m-1765386000,0.53,10.11,5.3583,1
1765386196,2025-12-11 01:03:16,BUY,Up,btc-updown-15m-1765386000,0.47,3.0,1.41,0
1765386196,2025-12-11 01:03:16,BUY,Up,btc-updown-15m-1765386000,0.47,10.0,4.7,0
1765386196,2025-12-11 01:03:16,BUY,Up,btc-updown-15m-1765386000,0.47,8.0,3.76,0
1765386198,2025-12-11 01:03:18,BUY,Up,btc-updown-15m-1765386000,0.47000000438016887,2.283017,1.073018,0
1765386202,2025-12-11 01:03:22,BUY,Up,btc-updown-15m-1765386000,0.47,18.0,8.46,0
1765386202,2025-12-11 01:03:22,BUY,Up,btc-updown-15m-1765386000,0.47,18.0,8.46,0
1765386202,2025-12-11 01:03:22,BUY,Up,btc-updown-15m-1765386000,0.47,18.0,8.46,0
1765386202,2025-12-11 01:03:22,BUY,Down,btc-updown-15m-1765386000,0.51,6.0,3.06,1
1765386206,2025-12-11 01:03:26,BUY,Up,btc-updown-15m-1765386000,0.46,15.0,6.9,0
1765386206,2025-12-11 01:03:26,BUY,Up,btc-updown-15m-1765386000,0.46,3.0,1.38,0
1765386208,2025-12-11 01:03:28,BUY,Up,btc-updown-15m-1765386000,0.46,15.0,6.9,0
1765386208,2025-12-11 01:03:28,BUY,Up,btc-updown-15m-1765386000,0.46,3.0,1.38,0
1765386210,2025-12-11 01:03:30,BUY,Down,btc-updown-15m-1765386000,0.55,4.0,2.2,1
1765386212,2025-12-11 01:03:32,BUY,Down,btc-updown-15m-1765386000,0.55,18.0,9.9,1
1765386214,2025-12-11 01:03:34,BUY,Up,btc-updown-15m-1765386000,0.44,5.0,2.2,0
1765386214,2025-12-11 01:03:34,BUY,Up,btc-updown-15m-1765386000,0.44,8.0,3.52,0
1765386216,2025-12-11 01:03:36,BUY,Up,btc-updown-15m-1765386000,0.44,5.0,2.2,0
1765386220,2025-12-11 01:03:40,BUY,Down,btc-updown-15m-1765386000,0.55,18.0,9.9,1
1765386220,2025-12-11 01:03:40,BUY,Down,btc-updown-15m-1765386000,0.55,18.0,9.9,1
1765386220,2025-12-11 01:03:40,BUY,Down,btc-updown-15m-1765386000,0.54,18.0,9.72,1
1765386220,2025-12-11 01:03:40,BUY,Down,btc-updown-15m-1765386000,0.54,18.0,9.72,1
1765386220,2025-12-11 01:03:40,BUY,Down,btc-updown-15m-1765386000,0.54,18.0,9.72,1
1765386220,2025-12-11 01:03:40,BUY,Down,btc-updown-15m-1765386000,0.54,18.0,9.72,1
1765386220,2025-12-11 01:03:40,BUY,Down,btc-updown-15m-1765386000,0.54,18.0,9.72,1
1765386234,2025-12-11 01:03:54,BUY,Up,btc-updown-15m-1765386000,0.4,18.0,7.2,0
1765386234,2025-12-11 01:03:54,BUY,Up,btc-updown-15m-1765386000,0.4,18.0,7.2,0
1765386234,2025-12-11 01:03:54,BUY,Up,btc-updown-15m-1765386000,0.4,18.0,7.2,0
1765386234,2025-12-11 01:03:54,BUY,Up,btc-updown-15m-1765386000,0.39,5.0,1.95,0
1765386234,2025-12-11 01:03:54,BUY,Up,btc-updown-15m-1765386000,0.4,18.0,7.2,0
1765386234,2025-12-11 01:03:54,BUY,Up,btc-updown-15m-1765386000,0.4,6.59,2.636,0
1765386234,2025-12-11 01:03:54,BUY,Up,btc-updown-15m-1765386000,0.4,18.0,7.2,0
1765386236,2025-12-11 01:03:56,BUY,Up,btc-updown-15m-1765386000,0.4,18.0,7.2,0
1765386236,2025-12-11 01:03:56,BUY,Up,btc-updown-15m-1765386000,0.4111111111111111,18.0,7.4,0
1765386240,2025-12-11 01:04:00,BUY,Down,btc-updown-15m-1765386000,0.54,10.0,5.4,1
1765386240,2025-12-11 01:04:00,BUY,Down,btc-updown-15m-1765386000,0.5400000766666858,5.21739,2.817391,1
1765386240,2025-12-11 01:04:00,BUY,Up,btc-updown-15m-1765386000,0.43000000610714495,4.912279,2.11228,0
1765386246,2025-12-11 01:04:06,BUY,Down,btc-updown-15m-1765386000,0.48,18.0,8.64,1
1765386246,2025-12-11 01:04:06,BUY,Down,btc-updown-15m-1765386000,0.48,18.0,8.64,1
1765386246,2025-12-11 01:04:06,BUY,Down,btc-updown-15m-1765386000,0.48,18.0,8.64,1
1765386246,2025-12-11 01:04:06,BUY,Down,btc-updown-15m-1765386000,0.48,18.0,8.64,1
1765386246,2025-12-11 01:04:06,BUY,Down,btc-updown-15m-1765386000,0.48,18.0,8.64,1
1765386246,2025-12-11 01:04:06,BUY,Down,btc-updown-15m-1765386000,0.48,18.0,8.64,1
1765386246,2025-12-11 01:04:06,BUY,Down,btc-updown-15m-1765386000,0.48,7.0,3.36,1
1765386246,2025-12-11 01:04:06,BUY,Down,btc-updown-15m-1765386000,0.48,11.0,5.28,1
1765386248,2025-12-11 01:04:08,BUY,Down,btc-updown-15m-1765386000,0.48,18.0,8.64,1
1765386248,2025-12-11 01:04:08,BUY,Down,btc-updown-15m-1765386000,0.52,10.0,5.2,1
1765386248,2025-12-11 01:04:08,BUY,Down,btc-updown-15m-1765386000,0.49,4.36,2.1364,1
1765386248,2025-12-11 01:04:08,BUY,Down,btc-updown-15m-1765386000,0.49,0.64,0.3136,1
1765386248,2025-12-11 01:04:08,BUY,Down,btc-updown-15m-1765386000,0.4900000544000087,7.35294,3.602941,1
1765386248,2025-12-11 01:04:08,BUY,Down,btc-updown-15m-1765386000,0.5,18.0,9.0,1
1765386248,2025-12-11 01:04:08,BUY,Down,btc-updown-15m-1765386000,0.49,5.0,2.45,1
1765386248,2025-12-11 01:04:08,BUY,Down,btc-updown-15m-1765386000,0.49,5.0,2.45,1
1765386250,2025-12-11 01:04:10,BUY,Up,btc-updown-15m-1765386000,0.48,18.0,8.64,0
1765386250,2025-12-11 01:04:10,BUY,Up,btc-updown-15m-1765386000,0.48,18.0,8.64,0
1765386254,2025-12-11 01:04:14,BUY,Up,btc-updown-15m-1765386000,0.47,15.0,7.05,0
1765386254,2025-12-11 01:04:14,BUY,Up,btc-updown-15m-1765386000,0.46000002497111153,3.203702,1.473703,0
1765386254,2025-12-11 01:04:14,BUY,Up,btc-updown-15m-1765386000,0.45,10.0,4.5,0
1765386254,2025-12-11 01:04:14,BUY,Up,btc-updown-15m-1765386000,0.46,5.0,2.3,0
1765386254,2025-12-11 01:04:14,BUY,Up,btc-updown-15m-1765386000,0.45,7.0,3.15,0
1765386254,2025-12-11 01:04:14,BUY,Up,btc-updown-15m-1765386000,0.45,8.0,3.6,0
1765386254,2025-12-11 01:04:14,BUY,Up,btc-updown-15m-1765386000,0.45,2.43,1.0935,0
1765386254,2025-12-11 01:04:14,BUY,Up,btc-updown-15m-1765386000,0.45,8.57,3.8565,0
1765386254,2025-12-11 01:04:14,BUY,Up,btc-updown-15m-1765386000,0.47,18.0,8.46,0
1765386254,2025-12-11 01:04:14,BUY,Up,btc-updown-15m-1765386000,0.47,18.0,8.46,0
1765386254,2025-12-11 01:04:14,BUY,Up,btc-updown-15m-1765386000,0.46,11.0,5.06,0
1765386254,2025-12-11 01:04:14,BUY,Up,btc-updown-15m-1765386000,0.46,9.79,4.5034,0
1765386256,2025-12-11 01:04:16,BUY,Up,btc-updown-15m-1765386000,0.49000006587501893,4.705881,2.305882,0
1765386256,2025-12-11 01:04:16,BUY,Up,btc-updown-15m-1765386000,0.48000008103900105,2.961537,1.421538,0
1765386256,2025-12-11 01:04:16,BUY,Up,btc-updown-15m-1765386000,0.4900000745384793,5.098038,2.498039,0
1765386256,2025-12-11 01:04:16,BUY,Up,btc-updown-15m-1765386000,0.49,5.0,2.45,0
1765386258,2025-12-11 01:04:18,BUY,Down,btc-updown-15m-1765386000,0.51,10.0,5.1,1
1765386258,2025-12-11 01:04:18,BUY,Up,btc-updown-15m-1765386000,0.49,2.18,1.0682,0
1765386258,2025-12-11 01:04:18,BUY,Down,btc-updown-15m-1765386000,0.5,18.0,9.0,1
1765386260,2025-12-11 01:04:20,BUY,Down,btc-updown-15m-1765386000,0.51,5.0,2.55,1
1765386260,2025-12-11 01:04:20,BUY,Down,btc-updown-15m-1765386000,0.53,5.0,2.65,1
1765386262,2025-12-11 01:04:22,BUY,Up,btc-updown-15m-1765386000,0.45,4.99,2.2455,0
1765386262,2025-12-11 01:04:22,BUY,Up,btc-updown-15m-1765386000,0.45,5.0,2.25,0
1765386268,2025-12-11 01:04:28,BUY,Down,btc-updown-15m-1765386000,0.51,3.07,1.5657,1
1765386268,2025-12-11 01:04:28,BUY,Down,btc-updown-15m-1765386000,0.51,5.0,2.55,1
1765386268,2025-12-11 01:04:28,BUY,Down,btc-updown-15m-1765386000,0.51,18.0,9.18,1
1765386268,2025-12-11 01:04:28,BUY,Down,btc-updown-15m-1765386000,0.51,18.0,9.18,1
1765386268,2025-12-11 01:04:28,BUY,Down,btc-updown-15m-1765386000,0.51,18.0,9.18,1
1765386268,2025-12-11 01:04:28,BUY,Down,btc-updown-15m-1765386000,0.5100000301501376,14.925305,7.611906,1
1765386268,2025-12-11 01:04:28,BUY,Down,btc-updown-15m-1765386000,0.51,13.0,6.63,1
1765386270,2025-12-11 01:04:30,BUY,Up,btc-updown-15m-1765386000,0.46,5.0,2.3,0
1765386270,2025-12-11 01:04:30,BUY,Up,btc-updown-15m-1765386000,0.47,9.46,4.4462,0
1765386272,2025-12-11 01:04:32,BUY,Up,btc-updown-15m-1765386000,0.46,6.0,2.76,0
1765386274,2025-12-11 01:04:34,BUY,Up,btc-updown-15m-1765386000,0.46,6.0,2.76,0
1765386274,2025-12-11 01:04:34,BUY,Down,btc-updown-15m-1765386000,0.54000184001104,0.21739,0.117391,1
1765386274,2025-12-11 01:04:34,BUY,Down,btc-updown-15m-1765386000,0.56,18.0,10.08,1
1765386286,2025-12-11 01:04:46,BUY,Up,btc-updown-15m-1765386000,0.44,18.0,7.92,0
1765386286,2025-12-11 01:04:46,BUY,Up,btc-updown-15m-1765386000,0.45,12.0,5.4,0
1765386286,2025-12-11 01:04:46,BUY,Up,btc-updown-15m-1765386000,0.45,0.81,0.3645,0
1765386288,2025-12-11 01:04:48,BUY,Up,btc-updown-15m-1765386000,0.44,6.85,3.014,0
1765386288,2025-12-11 01:04:48,BUY,Up,btc-updown-15m-1765386000,0.4400000961963615,2.910713,1.280714,0
1765386288,2025-12-11 01:04:48,BUY,Up,btc-updown-15m-1765386000,0.45000006754387506,5.181817,2.331818,0
1765386292,2025-12-11 01:04:52,BUY,Down,btc-updown-15m-1765386000,0.49,14.0,6.86,1
1765386296,2025-12-11 01:04:56,BUY,Down,btc-updown-15m-1765386000,0.47,15.0,7.05,1
1765386298,2025-12-11 01:04:58,BUY,Down,btc-updown-15m-1765386000,0.47,3.0,1.41,1
1765386304,2025-12-11 01:05:04,BUY,Up,btc-updown-15m-1765386000,0.45,2.17,0.9765,0
1765386306,2025-12-11 01:05:06,BUY,Up,btc-updown-15m-1765386000,0.47,5.0,2.35,0
1765386306,2025-12-11 01:05:06,BUY,Up,btc-updown-15m-1765386000,0.46,10.0,4.6,0
1765386306,2025-12-11 01:05:06,BUY,Up,btc-updown-15m-1765386000,0.46,10.0,4.6,0
1765386308,2025-12-11 01:05:08,BUY,Up,btc-updown-15m-1765386000,0.48,18.0,8.64,0
1765386308,2025-12-11 01:05:08,BUY,Up,btc-updown-15m-1765386000,0.48,18.0,8.64,0
1765386308,2025-12-11 01:05:08,BUY,Up,btc-updown-15m-1765386000,0.48,18.0,8.64,0
1765386308,2025-12-11 01:05:08,BUY,Up,btc-updown-15m-1765386000,0.48,18.0,8.64,0
1765386308,2025-12-11 01:05:08,BUY,Up,btc-updown-15m-1765386000,0.48,18.0,8.64,0
1765386310,2025-12-11 01:05:10,BUY,Down,btc-updown-15m-1765386000,0.51,5.0,2.55,1
1765386314,2025-12-11 01:05:14,BUY,Down,btc-updown-15m-1765386000,0.54,5.0,2.7,1
1765386314,2025-12-11 01:05:14,BUY,Down,btc-updown-15m-1765386000,0.5300001222000904,2.127658,1.127659,1
1765386316,2025-12-11 01:05:16,BUY,Down,btc-updown-15m-1765386000,0.56,18.0,10.08,1
1765386316,2025-12-11 01:05:16,BUY,Down,btc-updown-15m-1765386000,0.56,18.0,10.08,1
1765386316,2025-12-11 01:05:16,BUY,Down,btc-updown-15m-1765386000,0.56,18.0,10.08,1
1765386318,2025-12-11 01:05:18,BUY,Down,btc-updown-15m-1765386000,0.5400001299435395,3.847825,2.077826,1
1765386318,2025-12-11 01:05:18,BUY,Down,btc-updown-15m-1765386000,0.540000074450898,3.760868,2.030869,1
1765386318,2025-12-11 01:05:18,BUY,Down,btc-updown-15m-1765386000,0.54,8.4,4.536,1
1765386318,2025-12-11 01:05:18,BUY,Down,btc-updown-15m-1765386000,0.540000074450898,3.760868,2.030869,1
1765386318,2025-12-11 01:05:18,BUY,Down,btc-updown-15m-1765386000,0.540000074450898,3.760868,2.030869,1
1765386318,2025-12-11 01:05:18,BUY,Down,btc-updown-15m-1765386000,0.55,18.0,9.9,1
1765386318,2025-12-11 01:05:18,BUY,Down,btc-updown-15m-1765386000,0.540000066077375,3.934781,2.124782,1
1765386318,2025-12-11 01:05:18,BUY,Down,btc-updown-15m-1765386000,0.540000066077375,3.934781,2.124782,1
1765386318,2025-12-11 01:05:18,BUY,Down,btc-updown-15m-1765386000,0.54,10.46,5.6484,1
1765386318,2025-12-11 01:05:18,BUY,Down,btc-updown-15m-1765386000,0.55,18.0,9.9,1
1765386318,2025-12-11 01:05:18,BUY,Down,btc-updown-15m-1765386000,0.54,2.5,1.35,1
1765386318,2025-12-11 01:05:18,BUY,Down,btc-updown-15m-1765386000,0.540000074450898,3.760868,2.030869,1
1765386320,2025-12-11 01:05:20,BUY,Down,btc-updown-15m-1765386000,0.55,18.0,9.9,1
1765386320,2025-12-11 01:05:20,BUY,Down,btc-updown-15m-1765386000,0.55,18.0,9.9,1
1765386322,2025-12-11 01:05:22,BUY,Up,btc-updown-15m-1765386000,0.43,8.0,3.44,0
1765386322,2025-12-11 01:05:22,BUY,Up,btc-updown-15m-1765386000,0.43,5.0,2.15,0
1765386322,2025-12-11 01:05:22,BUY,Up,btc-updown-15m-1765386000,0.43,5.0,2.15,0
1765386322,2025-12-11 01:05:22,BUY,Up,btc-updown-15m-1765386000,0.43,5.0,2.15,0
1765386322,2025-12-11 01:05:22,BUY,Up,btc-updown-15m-1765386000,0.43,5.0,2.15,0
1765386322,2025-12-11 01:05:22,BUY,Up,btc-updown-15m-1765386000,0.43,8.0,3.44,0
1765386322,2025-12-11 01:05:22,BUY,Up,btc-updown-15m-1765386000,0.44,18.0,7.92,0
1765386322,2025-12-11 01:05:22,BUY,Up,btc-updown-15m-1765386000,0.44,18.0,7.92,0
1765386322,2025-12-11 01:05:22,BUY,Up,btc-updown-15m-1765386000,0.44,18.0,7.92,0
1765386322,2025-12-11 01:05:22,BUY,Up,btc-updown-15m-1765386000,0.44,18.0,7.92,0
1765386324,2025-12-11 01:05:24,BUY,Up,btc-updown-15m-1765386000,0.44,18.0,7.92,0
1765386328,2025-12-11 01:05:28,BUY,Down,btc-updown-15m-1765386000,0.560000019130437,14.636362,8.196363,1
1765386328,2025-12-11 01:05:28,BUY,Down,btc-updown-15m-1765386000,0.56,18.0,10.08,1
1765386328,2025-12-11 01:05:28,BUY,Down,btc-updown-15m-1765386000,0.56,18.0,10.08,1
1765386328,2025-12-11 01:05:28,BUY,Down,btc-updown-15m-1765386000,0.56,18.0,10.08,1
1765386328,2025-12-11 01:05:28,BUY,Up,btc-updown-15m-1765386000,0.44,18.0,7.92,0
1765386328,2025-12-11 01:05:28,BUY,Up,btc-updown-15m-1765386000,0.44,18.0,7.92,0
1765386328,2025-12-11 01:05:28,BUY,Up,btc-updown-15m-1765386000,0.44,18.0,7.92,0
1765386332,2025-12-11 01:05:32,BUY,Up,btc-updown-15m-1765386000,0.46,5.0,2.3,0
1765386332,2025-12-11 01:05:32,BUY,Up,btc-updown-15m-1765386000,0.45,18.0,8.1,0
1765386332,2025-12-11 01:05:32,BUY,Up,btc-updown-15m-1765386000,0.45,18.0,8.1,0
1765386332,2025-12-11 01:05:32,BUY,Up,btc-updown-15m-1765386000,0.45,15.92,7.164,0
1765386334,2025-12-11 01:05:34,BUY,Down,btc-updown-15m-1765386000,0.52,5.0,2.6,1
1765386338,2025-12-11 01:05:38,BUY,Down,btc-updown-15m-1765386000,0.44,5.0,2.2,1
1765386338,2025-12-11 01:05:38,BUY,Down,btc-updown-15m-1765386000,0.45,18.0,8.1,1
1765386338,2025-12-11 01:05:38,BUY,Up,btc-updown-15m-1765386000,0.55,15.0,8.25,0
1765386338,2025-12-11 01:05:38,BUY,Down,btc-updown-15m-1765386000,0.45,18.0,8.1,1
1765386340,2025-12-11 01:05:40,BUY,Up,btc-updown-15m-1765386000,0.54,18.0,9.72,0
1765386340,2025-12-11 01:05:40,BUY,Up,btc-updown-15m-1765386000,0.54,18.0,9.72,0
1765386340,2025-12-11 01:05:40,BUY,Up,btc-updown-15m-1765386000,0.55,3.0,1.65,0
1765386342,2025-12-11 01:05:42,BUY,Down,btc-updown-15m-1765386000,0.45,18.0,8.1,1
1765386342,2025-12-11 01:05:42,BUY,Down,btc-updown-15m-1765386000,0.45,8.99,4.0455,1
1765386342,2025-12-11 01:05:42,BUY,Down,btc-updown-15m-1765386000,0.45,9.01,4.0545,1
1765386342,2025-12-11 01:05:42,BUY,Down,btc-updown-15m-1765386000,0.45,18.0,8.1,1
1765386344,2025-12-11 01:05:44,BUY,Down,btc-updown-15m-1765386000,0.43,15.0,6.45,1
1765386344,2025-12-11 01:05:44,BUY,Down,btc-updown-15m-1765386000,0.43,3.0,1.29,1
1765386344,2025-12-11 01:05:44,BUY,Down,btc-updown-15m-1765386000,0.43,15.0,6.45,1
1765386344,2025-12-11 01:05:44,BUY,Down,btc-updown-15m-1765386000,0.43,3.0,1.29,1
1765386346,2025-12-11 01:05:46,BUY,Down,btc-updown-15m-1765386000,0.42,18.0,7.56,1
1765386348,2025-12-11 01:05:48,BUY,Up,btc-updown-15m-1765386000,0.6,18.0,10.8,0
1765386348,2025-12-11 01:05:48,BUY,Down,btc-updown-15m-1765386000,0.41,18.0,7.38,1
1765386350,2025-12-11 01:05:50,BUY,Up,btc-updown-15m-1765386000,0.6,18.0,10.8,0
1765386350,2025-12-11 01:05:50,BUY,Up,btc-updown-15m-1765386000,0.6,5.0,3.0,0
1765386350,2025-12-11 01:05:50,BUY,Up,btc-updown-15m-1765386000,0.6,13.0,7.8,0
1765386352,2025-12-11 01:05:52,BUY,Down,btc-updown-15m-1765386000,0.38,18.0,6.84,1
1765386360,2025-12-11 01:06:00,BUY,Down,btc-updown-15m-1765386000,0.36,18.0,6.48,1
1765386362,2025-12-11 01:06:02,BUY,Up,btc-updown-15m-1765386000,0.63,11.07,6.9741,0
1765386362,2025-12-11 01:06:02,BUY,Up,btc-updown-15m-1765386000,0.63,18.0,11.34,0
1765386362,2025-12-11 01:06:02,BUY,Up,btc-updown-15m-1765386000,0.63,18.0,11.34,0
1765386362,2025-12-11 01:06:02,BUY,Up,btc-updown-15m-1765386000,0.63,6.93,4.3659,0
1765386362,2025-12-11 01:06:02,BUY,Up,btc-updown-15m-1765386000,0.63,18.0,11.34,0
1765386364,2025-12-11 01:06:04,BUY,Up,btc-updown-15m-1765386000,0.66,5.0,3.3,0
1765386364,2025-12-11 01:06:04,BUY,Down,btc-updown-15m-1765386000,0.31000001749049827,11.43478,3.544782,1
1765386366,2025-12-11 01:06:06,BUY,Down,btc-updown-15m-1765386000,0.34,18.0,6.12,1
1765386366,2025-12-11 01:06:06,BUY,Up,btc-updown-15m-1765386000,0.68,15.625,10.625,0
1765386366,2025-12-11 01:06:06,BUY,Up,btc-updown-15m-1765386000,0.68,2.08,1.4144,0
1765386366,2025-12-11 01:06:06,BUY,Up,btc-updown-15m-1765386000,0.68,10.49,7.1332,0
1765386366,2025-12-11 01:06:06,BUY,Up,btc-updown-15m-1765386000,0.68,18.0,12.24,0
1765386366,2025-12-11 01:06:06,BUY,Up,btc-updown-15m-1765386000,0.68,4.15625,2.82625,0
1765386366,2025-12-11 01:06:06,BUY,Down,btc-updown-15m-1765386000,0.34,10.0,3.4,1
1765386366,2025-12-11 01:06:06,BUY,Up,btc-updown-15m-1765386000,0.68,0.29,0.1972,0
1765386366,2025-12-11 01:06:06,BUY,Down,btc-updown-15m-1765386000,0.31,18.0,5.58,1
1765386368,2025-12-11 01:06:08,BUY,Down,btc-updown-15m-1765386000,0.33,18.0,5.94,1
1765386368,2025-12-11 01:06:08,BUY,Down,btc-updown-15m-1765386000,0.3300000425647232,6.343281,2.093283,1
1765386370,2025-12-11 01:06:10,BUY,Down,btc-updown-15m-1765386000,0.4,1.666665,0.666666,1
1765386370,2025-12-11 01:06:10,BUY,Down,btc-updown-15m-1765386000,0.40000002764977466,7.233332,2.893333,1
1765386370,2025-12-11 01:06:10,BUY,Down,btc-updown-15m-1765386000,0.4,1.056665,0.422666,1
1765386370,2025-12-11 01:06:10,BUY,Down,btc-updown-15m-1765386000,0.40000002764977466,7.233332,2.893333,1
1765386370,2025-12-11 01:06:10,BUY,Down,btc-updown-15m-1765386000,0.4,0.79,0.316,1
1765386372,2025-12-11 01:06:12,BUY,Up,btc-updown-15m-1765386000,0.57,3.0,1.71,0
1765386372,2025-12-11 01:06:12,BUY,Up,btc-updown-15m-1765386000,0.57,15.0,8.55,0
1765386372,2025-12-11 01:06:12,BUY,Up,btc-updown-15m-1765386000,0.57,5.0,2.85,0
1765386372,2025-12-11 01:06:12,BUY,Up,btc-updown-15m-1765386000,0.57,2.0,1.14,0
1765386372,2025-12-11 01:06:12,BUY,Up,btc-updown-15m-1765386000,0.57,13.0,7.41,0
1765386372,2025-12-11 01:06:12,BUY,Up,btc-updown-15m-1765386000,0.57,5.0,2.85,0
1765386374,2025-12-11 01:06:14,BUY,Up,btc-updown-15m-1765386000,0.57,1.0,0.57,0
1765386374,2025-12-11 01:06:14,BUY,Up,btc-updown-15m-1765386000,0.57,13.0,7.41,0
1765386374,2025-12-11 01:06:14,BUY,Up,btc-updown-15m-1765386000,0.57,2.0,1.14,0
1765386374,2025-12-11 01:06:14,BUY,Up,btc-updown-15m-1765386000,0.57,15.0,8.55,0
1765386374,2025-12-11 01:06:14,BUY,Up,btc-updown-15m-1765386000,0.57,5.0,2.85,0
1765386376,2025-12-11 01:06:16,BUY,Up,btc-updown-15m-1765386000,0.56,18.0,10.08,0
1765386376,2025-12-11 01:06:16,BUY,Up,btc-updown-15m-1765386000,0.56,18.0,10.08,0
1765386376,2025-12-11 01:06:16,BUY,Up,btc-updown-15m-1765386000,0.56,18.0,10.08,0
1765386380,2025-12-11 01:06:20,BUY,Down,btc-updown-15m-1765386000,0.4400001534248257,2.60714,1.147142,1
1765386380,2025-12-11 01:06:20,BUY,Down,btc-updown-15m-1765386000,0.44,5.0,2.2,1
1765386380,2025-12-11 01:06:20,BUY,Down,btc-updown-15m-1765386000,0.4400001534248257,2.60714,1.147142,1
1765386392,2025-12-11 01:06:32,BUY,Down,btc-updown-15m-1765386000,0.39,18.0,7.02,1
1765386392,2025-12-11 01:06:32,BUY,Down,btc-updown-15m-1765386000,0.39,18.0,7.02,1
1765386392,2025-12-11 01:06:32,BUY,Down,btc-updown-15m-1765386000,0.39,18.0,7.02,1
1765386394,2025-12-11 01:06:34,BUY,Down,btc-updown-15m-1765386000,0.38,10.0,3.8,1
1765386394,2025-12-11 01:06:34,BUY,Down,btc-updown-15m-1765386000,0.38,7.0,2.66,1
1765386394,2025-12-11 01:06:34,BUY,Down,btc-updown-15m-1765386000,0.38,8.0,3.04,1
1765386394,2025-12-11 01:06:34,BUY,Down,btc-updown-15m-1765386000,0.36,18.0,6.48,1
1765386394,2025-12-11 01:06:34,BUY,Down,btc-updown-15m-1765386000,0.36,18.0,6.48,1
1765386394,2025-12-11 01:06:34,BUY,Down,btc-updown-15m-1765386000,0.36,18.0,6.48,1
1765386394,2025-12-11 01:06:34,BUY,Down,btc-updown-15m-1765386000,0.35,18.0,6.3,1
1765386396,2025-12-11 01:06:36,BUY,Up,btc-updown-15m-1765386000,0.61,18.0,10.98,0
1765386396,2025-12-11 01:06:36,BUY,Up,btc-updown-15m-1765386000,0.6,5.0,3.0,0
1765386398,2025-12-11 01:06:38,BUY,Up,btc-updown-15m-1765386000,0.6100001521000927,2.564101,1.564102,0
1765386398,2025-12-11 01:06:38,BUY,Down,btc-updown-15m-1765386000,0.38,18.0,6.84,1
1765386402,2025-12-11 01:06:42,BUY,Up,btc-updown-15m-1765386000,0.63,18.0,11.34,0
1765386402,2025-12-11 01:06:42,BUY,Up,btc-updown-15m-1765386000,0.64,18.0,11.52,0
1765386402,2025-12-11 01:06:42,BUY,Down,btc-updown-15m-1765386000,0.36,18.0,6.48,1
1765386402,2025-12-11 01:06:42,BUY,Up,btc-updown-15m-1765386000,0.63,18.0,11.34,0
1765386402,2025-12-11 01:06:42,BUY,Up,btc-updown-15m-1765386000,0.63,18.0,11.34,0
1765386402,2025-12-11 01:06:42,BUY,Up,btc-updown-15m-1765386000,0.64,18.0,11.52,0
1765386402,2025-12-11 01:06:42,BUY,Up,btc-updown-15m-1765386000,0.64,18.0,11.52,0
1765386410,2025-12-11 01:06:50,BUY,Down,btc-updown-15m-1765386000,0.39,18.0,7.02,1
1765386410,2025-12-11 01:06:50,BUY,Down,btc-updown-15m-1765386000,0.39,18.0,7.02,1
1765386410,2025-12-11 01:06:50,BUY,Down,btc-updown-15m-1765386000,0.39,18.0,7.02,1
1765386410,2025-12-11 01:06:50,BUY,Down,btc-updown-15m-1765386000,0.39,18.0,7.02,1
1765386410,2025-12-11 01:06:50,BUY,Down,btc-updown-15m-1765386000,0.39,18.0,7.02,1
1765386410,2025-12-11 01:06:50,BUY,Down,btc-updown-15m-1765386000,0.39,18.0,7.02,1
1765386410,2025-12-11 01:06:50,BUY,Down,btc-updown-15m-1765386000,0.39,18.0,7.02,1
1765386416,2025-12-11 01:06:56,BUY,Up,btc-updown-15m-1765386000,0.63,4.48,2.8224,0
1765386416,2025-12-11 01:06:56,BUY,Up,btc-updown-15m-1765386000,0.64,5.0,3.2,0
1765386416,2025-12-11 01:06:56,BUY,Up,btc-updown-15m-1765386000,0.64,5.0,3.2,0
1765386416,2025-12-11 01:06:56,BUY,Up,btc-updown-15m-1765386000,0.6300000325600037,13.513512,8.513513,0
1765386416,2025-12-11 01:06:56,BUY,Up,btc-updown-15m-1765386000,0.64,13.0,8.32,0
1765386418,2025-12-11 01:06:58,BUY,Up,btc-updown-15m-1765386000,0.62,18.0,11.16,0
1765386418,2025-12-11 01:06:58,BUY,Up,btc-updown-15m-1765386000,0.62,18.0,11.16,0
1765386422,2025-12-11 01:07:02,BUY,Up,btc-updown-15m-1765386000,0.620000052803976,10.605262,6.575263,0
1765386424,2025-12-11 01:07:04,BUY,Down,btc-updown-15m-1765386000,0.35,5.0,1.75,1
1765386424,2025-12-11 01:07:04,BUY,Down,btc-updown-15m-1765386000,0.35,8.0,2.8,1
1765386426,2025-12-11 01:07:06,BUY,Down,btc-updown-15m-1765386000,0.36,15.0,5.4,1
1765386426,2025-12-11 01:07:06,BUY,Down,btc-updown-15m-1765386000,0.36,0.78,0.2808,1
1765386428,2025-12-11 01:07:08,BUY,Down,btc-updown-15m-1765386000,0.36,14.78,5.3208,1
1765386428,2025-12-11 01:07:08,BUY,Down,btc-updown-15m-1765386000,0.36,2.22,0.7992,1
1765386430,2025-12-11 01:07:10,BUY,Down,btc-updown-15m-1765386000,0.36,1.78,0.6408,1
1765386430,2025-12-11 01:07:10,BUY,Down,btc-updown-15m-1765386000,0.36,3.22,1.1592,1
1765386432,2025-12-11 01:07:12,BUY,Up,btc-updown-15m-1765386000,0.63,18.0,11.34,0
1765386432,2025-12-11 01:07:12,BUY,Up,btc-updown-15m-1765386000,0.63,18.0,11.34,0
1765386434,2025-12-11 01:07:14,BUY,Up,btc-updown-15m-1765386000,0.68,18.0,12.24,0
1765386434,2025-12-11 01:07:14,BUY,Up,btc-updown-15m-1765386000,0.67,10.72,7.1824,0
1765386438,2025-12-11 01:07:18,BUY,Down,btc-updown-15m-1765386000,0.29,16.0,4.64,1
1765386438,2025-12-11 01:07:18,BUY,Down,btc-updown-15m-1765386000,0.29,1.0,0.29,1
1765386438,2025-12-11 01:07:18,BUY,Down,btc-updown-15m-1765386000,0.2900000110362702,16.309858,4.729859,1
1765386438,2025-12-11 01:07:18,BUY,Down,btc-updown-15m-1765386000,0.29,2.0,0.58,1
1765386438,2025-12-11 01:07:18,BUY,Down,btc-updown-15m-1765386000,0.29,1.69,0.4901,1
1765386438,2025-12-11 01:07:18,BUY,Down,btc-updown-15m-1765386000,0.29,17.0,4.93,1
1765386438,2025-12-11 01:07:18,BUY,Down,btc-updown-15m-1765386000,0.29,3.0,0.87,1
1765386438,2025-12-11 01:07:18,BUY,Down,btc-updown-15m-1765386000,0.29,15.0,4.35,1
1765386438,2025-12-11 01:07:18,BUY,Down,btc-updown-15m-1765386000,0.29,10.0,2.9,1
1765386442,2025-12-11 01:07:22,BUY,Down,btc-updown-15m-1765386000,0.29,2.18,0.6322,1
1765386442,2025-12-11 01:07:22,BUY,Down,btc-updown-15m-1765386000,0.29000002184615836,11.901406,3.451408,1
1765386442,2025-12-11 01:07:22,BUY,Down,btc-updown-15m-1765386000,0.29000006664264116,3.901406,1.131408,1
1765386444,2025-12-11 01:07:24,BUY,Up,btc-updown-15m-1765386000,0.63,18.0,11.34,0
1765386446,2025-12-11 01:07:26,BUY,Down,btc-updown-15m-1765386000,0.38000003090343487,10.354836,3.934838,1
1765386448,2025-12-11 01:07:28,BUY,Up,btc-updown-15m-1765386000,0.6,18.0,10.8,0
1765386448,2025-12-11 01:07:28,BUY,Up,btc-updown-15m-1765386000,0.6,18.0,10.8,0
1765386448,2025-12-11 01:07:28,BUY,Up,btc-updown-15m-1765386000,0.6,18.0,10.8,0
1765386448,2025-12-11 01:07:28,BUY,Up,btc-updown-15m-1765386000,0.6,18.0,10.8,0
1765386448,2025-12-11 01:07:28,BUY,Up,btc-updown-15m-1765386000,0.6,18.0,10.8,0
1765386448,2025-12-11 01:07:28,BUY,Up,btc-updown-15m-1765386000,0.61,18.0,10.98,0
1765386448,2025-12-11 01:07:28,BUY,Up,btc-updown-15m-1765386000,0.61,18.0,10.98,0
1765386454,2025-12-11 01:07:34,BUY,Up,btc-updown-15m-1765386000,0.61,5.0,3.05,0
1765386454,2025-12-11 01:07:34,BUY,Down,btc-updown-15m-1765386000,0.37,5.0,1.85,1
1765386468,2025-12-11 01:07:48,BUY,Down,btc-updown-15m-1765386000,0.4200001087500929,1.655171,0.695172,1
1765386468,2025-12-11 01:07:48,BUY,Down,btc-updown-15m-1765386000,0.42000002704663786,6.655171,2.795172,1
1765386468,2025-12-11 01:07:48,BUY,Up,btc-updown-15m-1765386000,0.57,17.0,9.69,0
1765386478,2025-12-11 01:07:58,BUY,Down,btc-updown-15m-1765386000,0.49,17.0,8.33,1
1765386478,2025-12-11 01:07:58,BUY,Down,btc-updown-15m-1765386000,0.49,17.0,8.33,1
1765386478,2025-12-11 01:07:58,BUY,Down,btc-updown-15m-1765386000,0.49,17.0,8.33,1
1765386478,2025-12-11 01:07:58,BUY,Up,btc-updown-15m-1765386000,0.55,17.0,9.35,0
1765386478,2025-12-11 01:07:58,BUY,Down,btc-updown-15m-1765386000,0.48000001683237137,16.634614,7.984615,1
1765386478,2025-12-11 01:07:58,BUY,Down,btc-updown-15m-1765386000,0.48,17.0,8.16,1
1765386478,2025-12-11 01:07:58,BUY,Down,btc-updown-15m-1765386000,0.47,10.0,4.7,1
1765386480,2025-12-11 01:08:00,BUY,Up,btc-updown-15m-1765386000,0.48,2.0,0.96,0
1765386480,2025-12-11 01:08:00,BUY,Up,btc-updown-15m-1765386000,0.48,15.0,7.2,0
1765386480,2025-12-11 01:08:00,BUY,Down,btc-updown-15m-1765386000,0.48,0.36,0.1728,1
1765386480,2025-12-11 01:08:00,BUY,Down,btc-updown-15m-1765386000,0.51,0.01,0.0051,1
1765386480,2025-12-11 01:08:00,BUY,Up,btc-updown-15m-1765386000,0.5,14.8,7.4,0
1765386480,2025-12-11 01:08:00,BUY,Up,btc-updown-15m-1765386000,0.5,17.0,8.5,0
1765386482,2025-12-11 01:08:02,BUY,Up,btc-updown-15m-1765386000,0.53,17.0,9.01,0
1765386482,2025-12-11 01:08:02,BUY,Up,btc-updown-15m-1765386000,0.52,17.0,8.84,0
1765386484,2025-12-11 01:08:04,BUY,Down,btc-updown-15m-1765386000,0.49,1.63,0.7987,1
1765386484,2025-12-11 01:08:04,BUY,Down,btc-updown-15m-1765386000,0.49,15.0,7.35,1
1765386484,2025-12-11 01:08:04,BUY,Down,btc-updown-15m-1765386000,0.49,0.37,0.1813,1
1765386484,2025-12-11 01:08:04,BUY,Up,btc-updown-15m-1765386000,0.5,17.0,8.5,0
1765386490,2025-12-11 01:08:10,BUY,Up,btc-updown-15m-1765386000,0.47,5.0,2.35,0
1765386498,2025-12-11 01:08:18,BUY,Down,btc-updown-15m-1765386000,0.48,13.99,6.7152,1
1765386498,2025-12-11 01:08:18,BUY,Down,btc-updown-15m-1765386000,0.48,17.0,8.16,1
1765386498,2025-12-11 01:08:18,BUY,Down,btc-updown-15m-1765386000,0.48,17.0,8.16,1
1765386498,2025-12-11 01:08:18,BUY,Down,btc-updown-15m-1765386000,0.48,17.0,8.16,1
1765386500,2025-12-11 01:08:20,BUY,Down,btc-updown-15m-1765386000,0.47,5.0,2.35,1
1765386504,2025-12-11 01:08:24,BUY,Down,btc-updown-15m-1765386000,0.49,5.46,2.6754,1
1765386516,2025-12-11 01:08:36,BUY,Down,btc-updown-15m-1765386000,0.45,13.0,5.85,1
1765386516,2025-12-11 01:08:36,BUY,Up,btc-updown-15m-1765386000,0.53,17.0,9.01,0
1765386516,2025-12-11 01:08:36,BUY,Up,btc-updown-15m-1765386000,0.53,17.0,9.01,0
1765386518,2025-12-11 01:08:38,BUY,Down,btc-updown-15m-1765386000,0.45,4.0,1.8,1
1765386524,2025-12-11 01:08:44,BUY,Down,btc-updown-15m-1765386000,0.45,3.0,1.35,1
1765386526,2025-12-11 01:08:46,BUY,Down,btc-updown-15m-1765386000,0.45,5.0,2.25,1
1765386528,2025-12-11 01:08:48,BUY,Down,btc-updown-15m-1765386000,0.46,5.0,2.3,1
1765386528,2025-12-11 01:08:48,BUY,Down,btc-updown-15m-1765386000,0.4600002037738925,1.96296,0.902962,1
1765386528,2025-12-11 01:08:48,BUY,Down,btc-updown-15m-1765386000,0.46,10.03,4.6138,1
1765386532,2025-12-11 01:08:52,BUY,Up,btc-updown-15m-1765386000,0.5700002360785332,2.372092,1.352093,0
1765386532,2025-12-11 01:08:52,BUY,Up,btc-updown-15m-1765386000,0.55,5.0,2.75,0
1765386536,2025-12-11 01:08:56,BUY,Down,btc-updown-15m-1765386000,0.43,17.0,7.31,1
1765386538,2025-12-11 01:08:58,BUY,Down,btc-updown-15m-1765386000,0.44,17.0,7.48,1
1765386540,2025-12-11 01:09:00,BUY,Down,btc-updown-15m-1765386000,0.46,17.0,7.82,1
1765386540,2025-12-11 01:09:00,BUY,Down,btc-updown-15m-1765386000,0.47,17.0,7.99,1
1765386540,2025-12-11 01:09:00,BUY,Down,btc-updown-15m-1765386000,0.47,17.0,7.99,1
1765386540,2025-12-11 01:09:00,BUY,Down,btc-updown-15m-1765386000,0.47,17.0,7.99,1
1765386540,2025-12-11 01:09:00,BUY,Up,btc-updown-15m-1765386000,0.5,17.0,8.5,0
1765386540,2025-12-11 01:09:00,BUY,Down,btc-updown-15m-1765386000,0.44,17.0,7.48,1
1765386544,2025-12-11 01:09:04,BUY,Up,btc-updown-15m-1765386000,0.56,4.5,2.52,0
1765386544,2025-12-11 01:09:04,BUY,Up,btc-updown-15m-1765386000,0.580000032083342,6.857141,3.977142,0
1765386544,2025-12-11 01:09:04,BUY,Up,btc-updown-15m-1765386000,0.58,5.0,2.9,0
1765386546,2025-12-11 01:09:06,BUY,Up,btc-updown-15m-1765386000,0.58,5.14,2.9812,0
1765386548,2025-12-11 01:09:08,BUY,Down,btc-updown-15m-1765386000,0.4400000036070859,11.089284,4.879285,1
1765386548,2025-12-11 01:09:08,BUY,Down,btc-updown-15m-1765386000,0.44,17.0,7.48,1
1765386548,2025-12-11 01:09:08,BUY,Down,btc-updown-15m-1765386000,0.4,4.5,1.8,1
1765386548,2025-12-11 01:09:08,BUY,Down,btc-updown-15m-1765386000,0.4000000638298144,3.133332,1.253333,1
1765386550,2025-12-11 01:09:10,BUY,Up,btc-updown-15m-1765386000,0.55,6.0,3.3,0
1765386552,2025-12-11 01:09:12,BUY,Up,btc-updown-15m-1765386000,0.56,17.0,9.52,0
1765386554,2025-12-11 01:09:14,BUY,Up,btc-updown-15m-1765386000,0.54,17.0,9.18,0
1765386554,2025-12-11 01:09:14,BUY,Up,btc-updown-15m-1765386000,0.54,10.0,5.4,0
1765386554,2025-12-11 01:09:14,BUY,Up,btc-updown-15m-1765386000,0.54,17.0,9.18,0
1765386554,2025-12-11 01:09:14,BUY,Up,btc-updown-15m-1765386000,0.54,17.0,9.18,0
1765386554,2025-12-11 01:09:14,BUY,Up,btc-updown-15m-1765386000,0.54,17.0,9.18,0
1765386554,2025-12-11 01:09:14,BUY,Up,btc-updown-15m-1765386000,0.54,7.0,3.78,0
1765386560,2025-12-11 01:09:20,BUY,Up,btc-updown-15m-1765386000,0.53,10.0,5.3,0
1765386562,2025-12-11 01:09:22,BUY,Up,btc-updown-15m-1765386000,0.44,17.0,7.48,0
1765386562,2025-12-11 01:09:22,BUY,Up,btc-updown-15m-1765386000,0.44,17.0,7.48,0
1765386562,2025-12-11 01:09:22,BUY,Up,btc-updown-15m-1765386000,0.44,17.0,7.48,0
1765386562,2025-12-11 01:09:22,BUY,Up,btc-updown-15m-1765386000,0.44,17.0,7.48,0
1765386564,2025-12-11 01:09:24,BUY,Up,btc-updown-15m-1765386000,0.43,17.0,7.31,0
1765386564,2025-12-11 01:09:24,BUY,Up,btc-updown-15m-1765386000,0.43,17.0,7.31,0
1765386566,2025-12-11 01:09:26,BUY,Up,btc-updown-15m-1765386000,0.41,2.0,0.82,0
1765386566,2025-12-11 01:09:26,BUY,Up,btc-updown-15m-1765386000,0.41,16.0,6.56,0
1765386586,2025-12-11 01:09:46,BUY,Down,btc-updown-15m-1765386000,0.56,16.0,8.96,1
1765386586,2025-12-11 01:09:46,BUY,Down,btc-updown-15m-1765386000,0.56,16.0,8.96,1
1765386586,2025-12-11 01:09:46,BUY,Down,btc-updown-15m-1765386000,0.56,16.0,8.96,1
1765386586,2025-12-11 01:09:46,BUY,Down,btc-updown-15m-1765386000,0.56,16.0,8.96,1
1765386586,2025-12-11 01:09:46,BUY,Down,btc-updown-15m-1765386000,0.56,16.0,8.96,1
1765386588,2025-12-11 01:09:48,BUY,Down,btc-updown-15m-1765386000,0.6,5.15,3.09,1
1765386602,2025-12-11 01:10:02,BUY,Down,btc-updown-15m-1765386000,0.5,15.0,7.5,1
1765386602,2025-12-11 01:10:02,BUY,Down,btc-updown-15m-1765386000,0.5,15.0,7.5,1
1765386604,2025-12-11 01:10:04,BUY,Down,btc-updown-15m-1765386000,0.41,16.0,6.56,1
1765386604,2025-12-11 01:10:04,BUY,Up,btc-updown-15m-1765386000,0.56,16.0,8.96,0
1765386604,2025-12-11 01:10:04,BUY,Up,btc-updown-15m-1765386000,0.56,16.0,8.96,0
1765386604,2025-12-11 01:10:04,BUY,Up,btc-updown-15m-1765386000,0.49,16.0,7.84,0
1765386604,2025-12-11 01:10:04,BUY,Down,btc-updown-15m-1765386000,0.5,16.0,8.0,1
1765386604,2025-12-11 01:10:04,BUY,Down,btc-updown-15m-1765386000,0.5,16.0,8.0,1
1765386606,2025-12-11 01:10:06,BUY,Down,btc-updown-15m-1765386000,0.42,16.0,6.72,1
1765386606,2025-12-11 01:10:06,BUY,Up,btc-updown-15m-1765386000,0.56,16.0,8.96,0
1765386606,2025-12-11 01:10:06,BUY,Up,btc-updown-15m-1765386000,0.56,16.0,8.96,0
1765386606,2025-12-11 01:10:06,BUY,Down,btc-updown-15m-1765386000,0.43,16.0,6.88,1
1765386606,2025-12-11 01:10:06,BUY,Down,btc-updown-15m-1765386000,0.42,16.0,6.72,1
1765386606,2025-12-11 01:10:06,BUY,Down,btc-updown-15m-1765386000,0.42,15.0,6.3,1
1765386606,2025-12-11 01:10:06,BUY,Down,btc-updown-15m-1765386000,0.42,1.0,0.42,1
1765386606,2025-12-11 01:10:06,BUY,Down,btc-updown-15m-1765386000,0.42,16.0,6.72,1
1765386608,2025-12-11 01:10:08,BUY,Down,btc-updown-15m-1765386000,0.4200000269767555,3.706895,1.556896,1
1765386610,2025-12-11 01:10:10,BUY,Down,btc-updown-15m-1765386000,0.42,16.0,6.72,1
1765386610,2025-12-11 01:10:10,BUY,Down,btc-updown-15m-1765386000,0.43,16.0,6.88,1
1765386610,2025-12-11 01:10:10,BUY,Down,btc-updown-15m-1765386000,0.43,16.0,6.88,1
1765386612,2025-12-11 01:10:12,BUY,Up,btc-updown-15m-1765386000,0.5,10.0,5.0,0
1765386612,2025-12-11 01:10:12,BUY,Up,btc-updown-15m-1765386000,0.5,5.0,2.5,0
1765386612,2025-12-11 01:10:12,BUY,Up,btc-updown-15m-1765386000,0.5,0.44,0.22,0
1765386612,2025-12-11 01:10:12,BUY,Up,btc-updown-15m-1765386000,0.5,5.56,2.78,0
1765386612,2025-12-11 01:10:12,BUY,Up,btc-updown-15m-1765386000,0.5,4.56,2.28,0
1765386612,2025-12-11 01:10:12,BUY,Up,btc-updown-15m-1765386000,0.5,5.0,2.5,0
1765386612,2025-12-11 01:10:12,BUY,Up,btc-updown-15m-1765386000,0.48,4.0,1.92,0
1765386614,2025-12-11 01:10:14,BUY,Down,btc-updown-15m-1765386000,0.5100000125842714,12.714284,6.484285,1
1765386616,2025-12-11 01:10:16,BUY,Up,btc-updown-15m-1765386000,0.43,15.0,6.45,0
1765386618,2025-12-11 01:10:18,BUY,Up,btc-updown-15m-1765386000,0.42,16.0,6.72,0
1765386618,2025-12-11 01:10:18,BUY,Up,btc-updown-15m-1765386000,0.42,16.0,6.72,0
1765386618,2025-12-11 01:10:18,BUY,Up,btc-updown-15m-1765386000,0.42,16.0,6.72,0
1765386618,2025-12-11 01:10:18,BUY,Up,btc-updown-15m-1765386000,0.42,16.0,6.72,0
1765386618,2025-12-11 01:10:18,BUY,Up,btc-updown-15m-1765386000,0.42,16.0,6.72,0
1765386620,2025-12-11 01:10:20,BUY,Down,btc-updown-15m-1765386000,0.58,16.0,9.28,1
1765386620,2025-12-11 01:10:20,BUY,Down,btc-updown-15m-1765386000,0.58,16.0,9.28,1
1765386620,2025-12-11 01:10:20,BUY,Down,btc-updown-15m-1765386000,0.57,16.0,9.12,1
1765386620,2025-12-11 01:10:20,BUY,Down,btc-updown-15m-1765386000,0.5900000816733231,6.12195,3.611951,1
1765386620,2025-12-11 01:10:20,BUY,Down,btc-updown-15m-1765386000,0.59,5.0,2.95,1
1765386620,2025-12-11 01:10:20,BUY,Down,btc-updown-15m-1765386000,0.59,4.87,2.8733,1
1765386620,2025-12-11 01:10:20,BUY,Down,btc-updown-15m-1765386000,0.58,5.0,2.9,1
1765386620,2025-12-11 01:10:20,BUY,Up,btc-updown-15m-1765386000,0.38,16.0,6.08,0
1765386622,2025-12-11 01:10:22,BUY,Down,btc-updown-15m-1765386000,0.58,16.0,9.28,1
1765386622,2025-12-11 01:10:22,BUY,Down,btc-updown-15m-1765386000,0.58,9.73,5.6434,1
1765386622,2025-12-11 01:10:22,BUY,Up,btc-updown-15m-1765386000,0.400000060000024,3.333332,1.333333,0
1765386622,2025-12-11 01:10:22,BUY,Up,btc-updown-15m-1765386000,0.40000005581397424,3.583332,1.433333,0
1765386622,2025-12-11 01:10:22,BUY,Down,btc-updown-15m-1765386000,0.58,6.27,3.6366,1
1765386622,2025-12-11 01:10:22,BUY,Up,btc-updown-15m-1765386000,0.41000000312169393,6.406778,2.626779,0
1765386624,2025-12-11 01:10:24,BUY,Down,btc-updown-15m-1765386000,0.59,3.41,2.0119,1
1765386626,2025-12-11 01:10:26,BUY,Up,btc-updown-15m-1765386000,0.38,16.0,6.08,0
1765386626,2025-12-11 01:10:26,BUY,Up,btc-updown-15m-1765386000,0.3700000133000012,14.285713,5.285714,0
1765386626,2025-12-11 01:10:26,BUY,Up,btc-updown-15m-1765386000,0.37,1.71,0.6327,0
1765386626,2025-12-11 01:10:26,BUY,Up,btc-updown-15m-1765386000,0.37,16.0,5.92,0
1765386626,2025-12-11 01:10:26,BUY,Up,btc-updown-15m-1765386000,0.37,16.0,5.92,0
1765386626,2025-12-11 01:10:26,BUY,Up,btc-updown-15m-1765386000,0.37,16.0,5.92,0
1765386626,2025-12-11 01:10:26,BUY,Up,btc-updown-15m-1765386000,0.37,16.0,5.92,0
1765386626,2025-12-11 01:10:26,BUY,Up,btc-updown-15m-1765386000,0.37,16.0,5.92,0
1765386634,2025-12-11 01:10:34,BUY,Down,btc-updown-15m-1765386000,0.6200001279208757,2.657893,1.647894,1
1765386634,2025-12-11 01:10:34,BUY,Down,btc-updown-15m-1765386000,0.63,15.0,9.45,1
1765386640,2025-12-11 01:10:40,BUY,Down,btc-updown-15m-1765386000,0.68,15.0,10.2,1
1765386640,2025-12-11 01:10:40,BUY,Down,btc-updown-15m-1765386000,0.68,15.0,10.2,1
1765386640,2025-12-11 01:10:40,BUY,Down,btc-updown-15m-1765386000,0.68,15.0,10.2,1
1765386640,2025-12-11 01:10:40,BUY,Down,btc-updown-15m-1765386000,0.68,15.0,10.2,1
1765386640,2025-12-11 01:10:40,BUY,Down,btc-updown-15m-1765386000,0.68,15.0,10.2,1
1765386644,2025-12-11 01:10:44,BUY,Down,btc-updown-15m-1765386000,0.72,15.0,10.8,1
1765386644,2025-12-11 01:10:44,BUY,Down,btc-updown-15m-1765386000,0.71,15.0,10.65,1
1765386646,2025-12-11 01:10:46,BUY,Up,btc-updown-15m-1765386000,0.2900000762153352,2.755351,0.799052,0
1765386646,2025-12-11 01:10:46,BUY,Up,btc-updown-15m-1765386000,0.28,15.0,4.2,0
1765386646,2025-12-11 01:10:46,BUY,Up,btc-updown-15m-1765386000,0.27,15.0,4.05,0
1765386646,2025-12-11 01:10:46,BUY,Up,btc-updown-15m-1765386000,0.27,15.0,4.05,0
1765386646,2025-12-11 01:10:46,BUY,Up,btc-updown-15m-1765386000,0.27,15.0,4.05,0
1765386648,2025-12-11 01:10:48,BUY,Up,btc-updown-15m-1765386000,0.29000002672044345,2.619717,0.759718,0
1765386648,2025-12-11 01:10:48,BUY,Up,btc-updown-15m-1765386000,0.29,7.84,2.2736,0
1765386652,2025-12-11 01:10:52,BUY,Down,btc-updown-15m-1765386000,0.7100000506478927,12.241378,8.691379,1
1765386654,2025-12-11 01:10:54,BUY,Up,btc-updown-15m-1765386000,0.28,15.0,4.2,0
1765386656,2025-12-11 01:10:56,BUY,Down,btc-updown-15m-1765386000,0.72,15.0,10.8,1
1765386656,2025-12-11 01:10:56,BUY,Down,btc-updown-15m-1765386000,0.72,15.0,10.8,1
1765386656,2025-12-11 01:10:56,BUY,Down,btc-updown-15m-1765386000,0.72,15.0,10.8,1
1765386656,2025-12-11 01:10:56,BUY,Down,btc-updown-15m-1765386000,0.72,6.75,4.86,1
1765386656,2025-12-11 01:10:56,BUY,Down,btc-updown-15m-1765386000,0.72,8.25,5.94,1
1765386658,2025-12-11 01:10:58,BUY,Up,btc-updown-15m-1765386000,0.3,1.42857,0.428571,0
1765386658,2025-12-11 01:10:58,BUY,Up,btc-updown-15m-1765386000,0.27,11.0,2.97,0
1765386660,2025-12-11 01:11:00,BUY,Up,btc-updown-15m-1765386000,0.3000000325581456,6.142856,1.842857,0
1765386660,2025-12-11 01:11:00,BUY,Up,btc-updown-15m-1765386000,0.3,15.0,4.5,0
1765386660,2025-12-11 01:11:00,BUY,Up,btc-updown-15m-1765386000,0.3,15.0,4.5,0
1765386660,2025-12-11 01:11:00,BUY,Up,btc-updown-15m-1765386000,0.3,15.0,4.5,0
1765386664,2025-12-11 01:11:04,BUY,Up,btc-updown-15m-1765386000,0.34000004039374476,5.941514,2.020115,0
1765386664,2025-12-11 01:11:04,BUY,Up,btc-updown-15m-1765386000,0.36,15.0,5.4,0
1765386666,2025-12-11 01:11:06,BUY,Down,btc-updown-15m-1765386000,0.6100000202222249,13.846152,8.446153,1
1765386668,2025-12-11 01:11:08,BUY,Up,btc-updown-15m-1765386000,0.4,15.0,6.0,0
1765386668,2025-12-11 01:11:08,BUY,Up,btc-updown-15m-1765386000,0.4,15.0,6.0,0
1765386670,2025-12-11 01:11:10,BUY,Down,btc-updown-15m-1765386000,0.56,10.0,5.6,1
1765386670,2025-12-11 01:11:10,BUY,Down,btc-updown-15m-1765386000,0.5700000318518579,8.790696,5.010697,1
1765386672,2025-12-11 01:11:12,BUY,Down,btc-updown-15m-1765386000,0.67,15.0,10.05,1
1765386672,2025-12-11 01:11:12,BUY,Down,btc-updown-15m-1765386000,0.67,15.0,10.05,1
1765386672,2025-12-11 01:11:12,BUY,Down,btc-updown-15m-1765386000,0.68,15.0,10.2,1
1765386672,2025-12-11 01:11:12,BUY,Down,btc-updown-15m-1765386000,0.6,6.0,3.6,1
1765386672,2025-12-11 01:11:12,BUY,Down,btc-updown-15m-1765386000,0.67,15.0,10.05,1
1765386672,2025-12-11 01:11:12,BUY,Down,btc-updown-15m-1765386000,0.67,15.0,10.05,1
1765386672,2025-12-11 01:11:12,BUY,Down,btc-updown-15m-1765386000,0.67,15.0,10.05,1
1765386676,2025-12-11 01:11:16,BUY,Up,btc-updown-15m-1765386000,0.28,4.0,1.12,0
1765386676,2025-12-11 01:11:16,BUY,Up,btc-updown-15m-1765386000,0.3,5.0,1.5,0
1765386678,2025-12-11 01:11:18,BUY,Up,btc-updown-15m-1765386000,0.3000000437500246,2.285713,0.685714,0
1765386678,2025-12-11 01:11:18,BUY,Up,btc-updown-15m-1765386000,0.3,10.0,3.0,0
1765386680,2025-12-11 01:11:20,BUY,Up,btc-updown-15m-1765386000,0.33000002397895156,7.089551,2.339552,0
1765386680,2025-12-11 01:11:20,BUY,Up,btc-updown-15m-1765386000,0.33,15.0,4.95,0
1765386680,2025-12-11 01:11:20,BUY,Up,btc-updown-15m-1765386000,0.33,5.0,1.65,0
1765386682,2025-12-11 01:11:22,BUY,Down,btc-updown-15m-1765386000,0.6700001528676887,4.121211,2.761212,1
1765386684,2025-12-11 01:11:24,BUY,Up,btc-updown-15m-1765386000,0.27,14.0,3.78,0
1765386684,2025-12-11 01:11:24,BUY,Up,btc-updown-15m-1765386000,0.27,14.0,3.78,0
1765386690,2025-12-11 01:11:30,BUY,Down,btc-updown-15m-1765386000,0.67,3.0,2.01,1
1765386690,2025-12-11 01:11:30,BUY,Down,btc-updown-15m-1765386000,0.7,14.0,9.8,1
1765386692,2025-12-11 01:11:32,BUY,Down,btc-updown-15m-1765386000,0.67,6.0,4.02,1
1765386692,2025-12-11 01:11:32,BUY,Down,btc-updown-15m-1765386000,0.67,10.0,6.7,1
1765386692,2025-12-11 01:11:32,BUY,Down,btc-updown-15m-1765386000,0.6700001284431407,5.060605,3.390606,1
1765386694,2025-12-11 01:11:34,BUY,Down,btc-updown-15m-1765386000,0.68,5.0,3.4,1
1765386694,2025-12-11 01:11:34,BUY,Down,btc-updown-15m-1765386000,0.68,3.78125,2.57125,1
1765386694,2025-12-11 01:11:34,BUY,Up,btc-updown-15m-1765386000,0.32,14.0,4.48,0
1765386696,2025-12-11 01:11:36,BUY,Up,btc-updown-15m-1765386000,0.34,9.27,3.1518,0
1765386700,2025-12-11 01:11:40,BUY,Up,btc-updown-15m-1765386000,0.37,6.0,2.22,0
1765386700,2025-12-11 01:11:40,BUY,Up,btc-updown-15m-1765386000,0.37,14.0,5.18,0
1765386700,2025-12-11 01:11:40,BUY,Up,btc-updown-15m-1765386000,0.37,8.0,2.96,0
1765386700,2025-12-11 01:11:40,BUY,Up,btc-updown-15m-1765386000,0.36,5.0,1.8,0
1765386700,2025-12-11 01:11:40,BUY,Up,btc-updown-15m-1765386000,0.37,2.6,0.962,0
1765386700,2025-12-11 01:11:40,BUY,Up,btc-updown-15m-1765386000,0.37,14.0,5.18,0
1765386706,2025-12-11 01:11:46,BUY,Down,btc-updown-15m-1765386000,0.51,14.0,7.14,1
1765386706,2025-12-11 01:11:46,BUY,Down,btc-updown-15m-1765386000,0.54,14.0,7.56,1
1765386706,2025-12-11 01:11:46,BUY,Down,btc-updown-15m-1765386000,0.53,14.0,7.42,1
1765386706,2025-12-11 01:11:46,BUY,Down,btc-updown-15m-1765386000,0.53,14.0,7.42,1
1765386706,2025-12-11 01:11:46,BUY,Down,btc-updown-15m-1765386000,0.53,10.37,5.4961,1
1765386706,2025-12-11 01:11:46,BUY,Down,btc-updown-15m-1765386000,0.53,3.63,1.9239,1
1765386706,2025-12-11 01:11:46,BUY,Down,btc-updown-15m-1765386000,0.53,14.0,7.42,1
1765386706,2025-12-11 01:11:46,BUY,Down,btc-updown-15m-1765386000,0.54,14.0,7.56,1
1765386708,2025-12-11 01:11:48,BUY,Down,btc-updown-15m-1765386000,0.53,14.0,7.42,1
1765386710,2025-12-11 01:11:50,BUY,Down,btc-updown-15m-1765386000,0.54,2.15,1.161,1
1765386714,2025-12-11 01:11:54,BUY,Up,btc-updown-15m-1765386000,0.39,14.0,5.46,0
1765386714,2025-12-11 01:11:54,BUY,Up,btc-updown-15m-1765386000,0.39,14.0,5.46,0
1765386714,2025-12-11 01:11:54,BUY,Up,btc-updown-15m-1765386000,0.39,14.0,5.46,0
1765386714,2025-12-11 01:11:54,BUY,Up,btc-updown-15m-1765386000,0.39,5.0,1.95,0
1765386716,2025-12-11 01:11:56,BUY,Up,btc-updown-15m-1765386000,0.35,6.55,2.2925,0
1765386716,2025-12-11 01:11:56,BUY,Up,btc-updown-15m-1765386000,0.35,7.45,2.6075,0
1765386716,2025-12-11 01:11:56,BUY,Up,btc-updown-15m-1765386000,0.35,7.55,2.6425,0
1765386716,2025-12-11 01:11:56,BUY,Up,btc-updown-15m-1765386000,0.35,6.0,2.1,0
1765386720,2025-12-11 01:12:00,BUY,Up,btc-updown-15m-1765386000,0.3,7.0,2.1,0
1765386720,2025-12-11 01:12:00,BUY,Up,btc-updown-15m-1765386000,0.28,14.0,3.92,0
1765386720,2025-12-11 01:12:00,BUY,Up,btc-updown-15m-1765386000,0.28,14.0,3.92,0
1765386720,2025-12-11 01:12:00,BUY,Up,btc-updown-15m-1765386000,0.31,5.0,1.55,0
1765386720,2025-12-11 01:12:00,BUY,Up,btc-updown-15m-1765386000,0.3,7.0,2.1,0
1765386720,2025-12-11 01:12:00,BUY,Up,btc-updown-15m-1765386000,0.29,8.0,2.32,0
1765386724,2025-12-11 01:12:04,BUY,Up,btc-updown-15m-1765386000,0.32,9.0,2.88,0
1765386724,2025-12-11 01:12:04,BUY,Up,btc-updown-15m-1765386000,0.32,5.0,1.6,0
1765386726,2025-12-11 01:12:06,BUY,Up,btc-updown-15m-1765386000,0.33,14.0,4.62,0
1765386726,2025-12-11 01:12:06,BUY,Up,btc-updown-15m-1765386000,0.33,14.0,4.62,0
1765386726,2025-12-11 01:12:06,BUY,Down,btc-updown-15m-1765386000,0.64,14.0,8.96,1
1765386726,2025-12-11 01:12:06,BUY,Down,btc-updown-15m-1765386000,0.64,14.0,8.96,1
1765386726,2025-12-11 01:12:06,BUY,Down,btc-updown-15m-1765386000,0.65,14.0,9.1,1
1765386726,2025-12-11 01:12:06,BUY,Down,btc-updown-15m-1765386000,0.65,14.0,9.1,1
1765386726,2025-12-11 01:12:06,BUY,Down,btc-updown-15m-1765386000,0.67,1.0,0.67,1
1765386726,2025-12-11 01:12:06,BUY,Down,btc-updown-15m-1765386000,0.67,14.0,9.38,1
1765386728,2025-12-11 01:12:08,BUY,Up,btc-updown-15m-1765386000,0.32,9.52,3.0464,0
1765386730,2025-12-11 01:12:10,BUY,Up,btc-updown-15m-1765386000,0.32,10.441175,3.341176,0
1765386730,2025-12-11 01:12:10,BUY,Up,btc-updown-15m-1765386000,0.32,13.0,4.16,0
1765386732,2025-12-11 01:12:12,BUY,Up,btc-updown-15m-1765386000,0.38,13.0,4.94,0
1765386732,2025-12-11 01:12:12,BUY,Down,btc-updown-15m-1765386000,0.5900016400060554,0.317072,0.187073,1
1765386740,2025-12-11 01:12:20,BUY,Down,btc-updown-15m-1765386000,0.6,13.0,7.8,1
1765386740,2025-12-11 01:12:20,BUY,Down,btc-updown-15m-1765386000,0.55,2.0,1.1,1
1765386740,2025-12-11 01:12:20,BUY,Down,btc-updown-15m-1765386000,0.55,13.0,7.15,1
1765386740,2025-12-11 01:12:20,BUY,Down,btc-updown-15m-1765386000,0.55,13.0,7.15,1
1765386740,2025-12-11 01:12:20,BUY,Down,btc-updown-15m-1765386000,0.59,13.0,7.67,1
1765386740,2025-12-11 01:12:20,BUY,Down,btc-updown-15m-1765386000,0.6,13.0,7.8,1
1765386740,2025-12-11 01:12:20,BUY,Down,btc-updown-15m-1765386000,0.6,13.0,7.8,1
1765386742,2025-12-11 01:12:22,BUY,Down,btc-updown-15m-1765386000,0.6,13.0,7.8,1
1765386746,2025-12-11 01:12:26,BUY,Up,btc-updown-15m-1765386000,0.39,3.13,1.2207,0
1765386746,2025-12-11 01:12:26,BUY,Down,btc-updown-15m-1765386000,0.6,13.0,7.8,1
1765386746,2025-12-11 01:12:26,BUY,Down,btc-updown-15m-1765386000,0.58,13.0,7.54,1
1765386746,2025-12-11 01:12:26,BUY,Down,btc-updown-15m-1765386000,0.58,13.0,7.54,1
1765386750,2025-12-11 01:12:30,BUY,Up,btc-updown-15m-1765386000,0.41,13.0,5.33,0
1765386750,2025-12-11 01:12:30,BUY,Up,btc-updown-15m-1765386000,0.41,13.0,5.33,0
1765386750,2025-12-11 01:12:30,BUY,Up,btc-updown-15m-1765386000,0.41,13.0,5.33,0
1765386750,2025-12-11 01:12:30,BUY,Up,btc-updown-15m-1765386000,0.41,13.0,5.33,0
1765386750,2025-12-11 01:12:30,BUY,Up,btc-updown-15m-1765386000,0.41,8.16,3.3456,0
1765386750,2025-12-11 01:12:30,BUY,Up,btc-updown-15m-1765386000,0.41000002691228893,4.830507,1.980508,0
1765386762,2025-12-11 01:12:42,BUY,Up,btc-updown-15m-1765386000,0.28,12.777775,3.577777,0
1765386762,2025-12-11 01:12:42,BUY,Up,btc-updown-15m-1765386000,0.27,13.0,3.51,0
1765386762,2025-12-11 01:12:42,BUY,Up,btc-updown-15m-1765386000,0.27,13.0,3.51,0
1765386764,2025-12-11 01:12:44,BUY,Down,btc-updown-15m-1765386000,0.72,13.0,9.36,1
1765386764,2025-12-11 01:12:44,BUY,Down,btc-updown-15m-1765386000,0.71,13.0,9.23,1
1765386764,2025-12-11 01:12:44,BUY,Down,btc-updown-15m-1765386000,0.71,5.0,3.55,1
1765386764,2025-12-11 01:12:44,BUY,Up,btc-updown-15m-1765386000,0.28,0.22,0.0616,0
1765386768,2025-12-11 01:12:48,BUY,Down,btc-updown-15m-1765386000,0.620000049386293,7.289472,4.519473,1
1765386770,2025-12-11 01:12:50,BUY,Down,btc-updown-15m-1765386000,0.59,10.77,6.3543,1
1765386772,2025-12-11 01:12:52,BUY,Down,btc-updown-15m-1765386000,0.6,12.0,7.2,1
1765386778,2025-12-11 01:12:58,BUY,Up,btc-updown-15m-1765386000,0.41,12.0,4.92,0
1765386778,2025-12-11 01:12:58,BUY,Up,btc-updown-15m-1765386000,0.41,12.0,4.92,0
1765386778,2025-12-11 01:12:58,BUY,Up,btc-updown-15m-1765386000,0.41,12.0,4.92,0
1765386786,2025-12-11 01:13:06,BUY,Down,btc-updown-15m-1765386000,0.49,12.0,5.88,1
1765386786,2025-12-11 01:13:06,BUY,Up,btc-updown-15m-1765386000,0.5,7.3,3.65,0
1765386786,2025-12-11 01:13:06,BUY,Down,btc-updown-15m-1765386000,0.49,12.0,5.88,1
1765386786,2025-12-11 01:13:06,BUY,Down,btc-updown-15m-1765386000,0.49,12.0,5.88,1
1765386788,2025-12-11 01:13:08,BUY,Down,btc-updown-15m-1765386000,0.42,12.0,5.04,1
1765386788,2025-12-11 01:13:08,BUY,Down,btc-updown-15m-1765386000,0.43,12.0,5.16,1
1765386788,2025-12-11 01:13:08,BUY,Down,btc-updown-15m-1765386000,0.43,12.0,5.16,1
1765386788,2025-12-11 01:13:08,BUY,Down,btc-updown-15m-1765386000,0.43,12.0,5.16,1
1765386790,2025-12-11 01:13:10,BUY,Up,btc-updown-15m-1765386000,0.37,12.0,4.44,0
1765386790,2025-12-11 01:13:10,BUY,Up,btc-updown-15m-1765386000,0.36,3.49,1.2564,0
1765386790,2025-12-11 01:13:10,BUY,Up,btc-updown-15m-1765386000,0.37,0.08,0.0296,0
1765386790,2025-12-11 01:13:10,BUY,Up,btc-updown-15m-1765386000,0.37,11.92,4.4104,0
1765386790,2025-12-11 01:13:10,BUY,Up,btc-updown-15m-1765386000,0.37,12.0,4.44,0
1765386792,2025-12-11 01:13:12,BUY,Up,btc-updown-15m-1765386000,0.4,4.34,1.736,0
1765386794,2025-12-11 01:13:14,BUY,Up,btc-updown-15m-1765386000,0.4,7.66,3.064,0
1765386794,2025-12-11 01:13:14,BUY,Up,btc-updown-15m-1765386000,0.39,12.0,4.68,0
1765386796,2025-12-11 01:13:16,BUY,Down,btc-updown-15m-1765386000,0.46,0.97,0.4462,1
1765386796,2025-12-11 01:13:16,BUY,Down,btc-updown-15m-1765386000,0.46,9.03,4.1538,1
1765386796,2025-12-11 01:13:16,BUY,Up,btc-updown-15m-1765386000,0.49,12.0,5.88,0
1765386796,2025-12-11 01:13:16,BUY,Up,btc-updown-15m-1765386000,0.49,0.21,0.1029,0
1765386798,2025-12-11 01:13:18,BUY,Down,btc-updown-15m-1765386000,0.48,4.6,2.208,1
1765386798,2025-12-11 01:13:18,BUY,Down,btc-updown-15m-1765386000,0.48,12.0,5.76,1
1765386798,2025-12-11 01:13:18,BUY,Down,btc-updown-15m-1765386000,0.460000135000135,2.96296,1.362962,1
1765386798,2025-12-11 01:13:18,BUY,Down,btc-updown-15m-1765386000,0.46,12.0,5.52,1
1765386798,2025-12-11 01:13:18,BUY,Down,btc-updown-15m-1765386000,0.48,7.6,3.648,1
1765386798,2025-12-11 01:13:18,BUY,Down,btc-updown-15m-1765386000,0.48,7.4,3.552,1
1765386798,2025-12-11 01:13:18,BUY,Down,btc-updown-15m-1765386000,0.48,12.0,5.76,1
1765386798,2025-12-11 01:13:18,BUY,Down,btc-updown-15m-1765386000,0.48,4.4,2.112,1
1765386800,2025-12-11 01:13:20,BUY,Up,btc-updown-15m-1765386000,0.45,5.0,2.25,0
1765386802,2025-12-11 01:13:22,BUY,Up,btc-updown-15m-1765386000,0.52,12.0,6.24,0
1765386802,2025-12-11 01:13:22,BUY,Up,btc-updown-15m-1765386000,0.44,12.0,5.28,0
1765386802,2025-12-11 01:13:22,BUY,Up,btc-updown-15m-1765386000,0.44,12.0,5.28,0
1765386802,2025-12-11 01:13:22,BUY,Up,btc-updown-15m-1765386000,0.44,12.0,5.28,0
1765386802,2025-12-11 01:13:22,BUY,Up,btc-updown-15m-1765386000,0.52,12.0,6.24,0
1765386802,2025-12-11 01:13:22,BUY,Up,btc-updown-15m-1765386000,0.52,12.0,6.24,0
1765386802,2025-12-11 01:13:22,BUY,Up,btc-updown-15m-1765386000,0.47,5.95,2.7965,0
1765386804,2025-12-11 01:13:24,BUY,Down,btc-updown-15m-1765386000,0.44,5.0,2.2,1
1765386806,2025-12-11 01:13:26,BUY,Down,btc-updown-15m-1765386000,0.44,12.0,5.28,1
1765386806,2025-12-11 01:13:26,BUY,Down,btc-updown-15m-1765386000,0.44,12.0,5.28,1
1765386806,2025-12-11 01:13:26,BUY,Down,btc-updown-15m-1765386000,0.44,12.0,5.28,1
1765386806,2025-12-11 01:13:26,BUY,Down,btc-updown-15m-1765386000,0.44,12.0,5.28,1
1765386806,2025-12-11 01:13:26,BUY,Down,btc-updown-15m-1765386000,0.45,12.0,5.4,1
1765386806,2025-12-11 01:13:26,BUY,Down,btc-updown-15m-1765386000,0.44,12.0,5.28,1
1765386806,2025-12-11 01:13:26,BUY,Down,btc-updown-15m-1765386000,0.44,12.0,5.28,1
1765386822,2025-12-11 01:13:42,BUY,Up,btc-updown-15m-1765386000,0.71,5.0,3.55,0
1765386822,2025-12-11 01:13:42,BUY,Up,btc-updown-15m-1765386000,0.7100001334000721,3.448274,2.448275,0
1765386822,2025-12-11 01:13:42,BUY,Up,btc-updown-15m-1765386000,0.69,5.0,3.45,0
1765386822,2025-12-11 01:13:42,BUY,Up,btc-updown-15m-1765386000,0.67,5.0,3.35,0
1765386824,2025-12-11 01:13:44,BUY,Down,btc-updown-15m-1765386000,0.12,11.0,1.32,1
1765386824,2025-12-11 01:13:44,BUY,Down,btc-updown-15m-1765386000,0.09,10.0,0.9,1
1765386826,2025-12-11 01:13:46,BUY,Down,btc-updown-15m-1765386000,0.18,0.75,0.135,1
1765386826,2025-12-11 01:13:46,BUY,Down,btc-updown-15m-1765386000,0.18,11.0,1.98,1
1765386828,2025-12-11 01:13:48,BUY,Down,btc-updown-15m-1765386000,0.19,11.0,2.09,1
1765386832,2025-12-11 01:13:52,BUY,Up,btc-updown-15m-1765386000,0.67,8.31,5.5677,0
1765386832,2025-12-11 01:13:52,BUY,Up,btc-updown-15m-1765386000,0.67,11.0,7.37,0
1765386832,2025-12-11 01:13:52,BUY,Up,btc-updown-15m-1765386000,0.67,6.0,4.02,0
1765386832,2025-12-11 01:13:52,BUY,Up,btc-updown-15m-1765386000,0.67,5.0,3.35,0
1765386832,2025-12-11 01:13:52,BUY,Up,btc-updown-15m-1765386000,0.67,2.69,1.8023,0
1765386832,2025-12-11 01:13:52,BUY,Up,btc-updown-15m-1765386000,0.6700001257143127,5.090908,3.410909,0
1765386834,2025-12-11 01:13:54,BUY,Up,btc-updown-15m-1765386000,0.66,11.0,7.26,0
1765386834,2025-12-11 01:13:54,BUY,Up,btc-updown-15m-1765386000,0.6600014960083777,0.294116,0.194117,0
1765386834,2025-12-11 01:13:54,BUY,Up,btc-updown-15m-1765386000,0.64,11.0,7.04,0
1765386834,2025-12-11 01:13:54,BUY,Up,btc-updown-15m-1765386000,0.6345454545454545,11.0,6.98,0
1765386836,2025-12-11 01:13:56,BUY,Up,btc-updown-15m-1765386000,0.66,11.0,7.26,0
1765386836,2025-12-11 01:13:56,BUY,Up,btc-updown-15m-1765386000,0.66,11.0,7.26,0
1765386836,2025-12-11 01:13:56,BUY,Up,btc-updown-15m-1765386000,0.64,11.0,7.04,0
1765386840,2025-12-11 01:14:00,BUY,Down,btc-updown-15m-1765386000,0.38,5.31,2.0178,1
1765386840,2025-12-11 01:14:00,BUY,Down,btc-updown-15m-1765386000,0.23,6.49,1.4927,1
1765386842,2025-12-11 01:14:02,BUY,Down,btc-updown-15m-1765386000,0.43,11.0,4.73,1
1765386842,2025-12-11 01:14:02,BUY,Down,btc-updown-15m-1765386000,0.37,11.0,4.07,1
1765386842,2025-12-11 01:14:02,BUY,Down,btc-updown-15m-1765386000,0.43,11.0,4.73,1
1765386842,2025-12-11 01:14:02,BUY,Down,btc-updown-15m-1765386000,0.3900000222492427,10.786884,4.206885,1
1765386842,2025-12-11 01:14:02,BUY,Down,btc-updown-15m-1765386000,0.39,11.0,4.29,1
1765386842,2025-12-11 01:14:02,BUY,Down,btc-updown-15m-1765386000,0.39,11.0,4.29,1
1765386842,2025-12-11 01:14:02,BUY,Down,btc-updown-15m-1765386000,0.42,11.0,4.62,1
1765386844,2025-12-11 01:14:04,BUY,Up,btc-updown-15m-1765386000,0.37,2.0,0.74,0
1765386844,2025-12-11 01:14:04,BUY,Down,btc-updown-15m-1765386000,0.64,6.4,4.096,1
1765386844,2025-12-11 01:14:04,BUY,Up,btc-updown-15m-1765386000,0.38,11.0,4.18,0
1765386844,2025-12-11 01:14:04,BUY,Up,btc-updown-15m-1765386000,0.38,11.0,4.18,0
1765386844,2025-12-11 01:14:04,BUY,Up,btc-updown-15m-1765386000,0.37,9.0,3.33,0
1765386844,2025-12-11 01:14:04,BUY,Up,btc-updown-15m-1765386000,0.37,11.0,4.07,0
1765386844,2025-12-11 01:14:04,BUY,Down,btc-updown-15m-1765386000,0.64,4.6,2.944,1
1765386844,2025-12-11 01:14:04,BUY,Up,btc-updown-15m-1765386000,0.38,11.0,4.18,0
1765386846,2025-12-11 01:14:06,BUY,Up,btc-updown-15m-1765386000,0.34,11.0,3.74,0
1765386846,2025-12-11 01:14:06,BUY,Up,btc-updown-15m-1765386000,0.35,11.0,3.85,0
1765386846,2025-12-11 01:14:06,BUY,Up,btc-updown-15m-1765386000,0.43,11.0,4.73,0
1765386848,2025-12-11 01:14:08,BUY,Down,btc-updown-15m-1765386000,0.21,10.0,2.1,1
1765386848,2025-12-11 01:14:08,BUY,Down,btc-updown-15m-1765386000,0.21,10.0,2.1,1
1765386848,2025-12-11 01:14:08,BUY,Down,btc-updown-15m-1765386000,0.22,10.0,2.2,1
1765386848,2025-12-11 01:14:08,BUY,Down,btc-updown-15m-1765386000,0.22,5.0,1.1,1
1765386848,2025-12-11 01:14:08,BUY,Up,btc-updown-15m-1765386000,0.43,11.0,4.73,0
1765386848,2025-12-11 01:14:08,BUY,Up,btc-updown-15m-1765386000,0.38,11.0,4.18,0
1765386848,2025-12-11 01:14:08,BUY,Up,btc-updown-15m-1765386000,0.47,5.0,2.35,0
1765386848,2025-12-11 01:14:08,BUY,Up,btc-updown-15m-1765386000,0.43,9.0,3.87,0
1765386848,2025-12-11 01:14:08,BUY,Up,btc-updown-15m-1765386000,0.43000003840426637,9.894734,4.254736,0
1765386848,2025-12-11 01:14:08,BUY,Up,btc-updown-15m-1765386000,0.47,6.0,2.82,0
1765386850,2025-12-11 01:14:10,BUY,Up,btc-updown-15m-1765386000,0.79,10.0,7.9,0
1765386850,2025-12-11 01:14:10,BUY,Down,btc-updown-15m-1765386000,0.22,10.0,2.2,1
1765386850,2025-12-11 01:14:10,BUY,Down,btc-updown-15m-1765386000,0.22,5.0,1.1,1
1765386850,2025-12-11 01:14:10,BUY,Down,btc-updown-15m-1765386000,0.22,10.0,2.2,1
1765386852,2025-12-11 01:14:12,BUY,Down,btc-updown-15m-1765386000,0.13000000465241138,6.448269,0.838275,1
1765386852,2025-12-11 01:14:12,BUY,Down,btc-updown-15m-1765386000,0.13000016220528407,0.678153,0.08816,1
1765386852,2025-12-11 01:14:12,BUY,Down,btc-updown-15m-1765386000,0.13,10.0,1.3,1
1765386852,2025-12-11 01:14:12,BUY,Down,btc-updown-15m-1765386000,0.15,10.0,1.5,1
1765386852,2025-12-11 01:14:12,BUY,Down,btc-updown-15m-1765386000,0.15,10.0,1.5,1
1765386852,2025-12-11 01:14:12,BUY,Down,btc-updown-15m-1765386000,0.15,10.0,1.5,1
1765386852,2025-12-11 01:14:12,BUY,Down,btc-updown-15m-1765386000,0.15,10.0,1.5,1
1765386852,2025-12-11 01:14:12,BUY,Down,btc-updown-15m-1765386000,0.14,10.0,1.4,1
1765386854,2025-12-11 01:14:14,BUY,Down,btc-updown-15m-1765386000,0.12,10.0,1.2,1
1765386856,2025-12-11 01:14:16,BUY,Down,btc-updown-15m-1765386000,0.1,5.0,0.5,1
1765386856,2025-12-11 01:14:16,BUY,Up,btc-updown-15m-1765386000,0.87,10.0,8.7,0
1765386856,2025-12-11 01:14:16,BUY,Up,btc-updown-15m-1765386000,0.88,10.0,8.8,0
1765386856,2025-12-11 01:14:16,BUY,Up,btc-updown-15m-1765386000,0.88,10.0,8.8,0
1765386856,2025-12-11 01:14:16,BUY,Down,btc-updown-15m-1765386000,0.1,0.59,0.059,1
1765386856,2025-12-11 01:14:16,BUY,Down,btc-updown-15m-1765386000,0.1,10.0,1.0,1
1765386856,2025-12-11 01:14:16,BUY,Down,btc-updown-15m-1765386000,0.1,4.41,0.441,1
1765386858,2025-12-11 01:14:18,BUY,Up,btc-updown-15m-1765386000,0.87,10.0,8.7,0
1765386858,2025-12-11 01:14:18,BUY,Up,btc-updown-15m-1765386000,0.8900001768628075,4.636362,4.126363,0
1765386860,2025-12-11 01:14:20,BUY,Down,btc-updown-15m-1765386000,0.08,4.94565,0.395652,1
1765386862,2025-12-11 01:14:22,BUY,Down,btc-updown-15m-1765386000,0.06,10.0,0.6,1
1765386868,2025-12-11 01:14:28,BUY,Up,btc-updown-15m-1765386000,0.92,10.0,9.2,0
1765386868,2025-12-11 01:14:28,BUY,Up,btc-updown-15m-1765386000,0.92,2.69,2.4748,0
1765386868,2025-12-11 01:14:28,BUY,Up,btc-updown-15m-1765386000,0.92,5.0,4.6,0
1765386868,2025-12-11 01:14:28,BUY,Up,btc-updown-15m-1765386000,0.92,10.0,9.2,0
1765386868,2025-12-11 01:14:28,BUY,Up,btc-updown-15m-1765386000,0.92,2.305,2.1206,0
1765386868,2025-12-11 01:14:28,BUY,Up,btc-updown-15m-1765386000,0.92,1.12,1.0304,0
1765386868,2025-12-11 01:14:28,BUY,Up,btc-updown-15m-1765386000,0.92,8.875,8.165,0
1765386870,2025-12-11 01:14:30,BUY,Up,btc-updown-15m-1765386000,0.97,10.0,9.7,0
1765386870,2025-12-11 01:14:30,BUY,Up,btc-updown-15m-1765386000,0.93,10.0,9.3,0
1765386872,2025-12-11 01:14:32,BUY,Up,btc-updown-15m-1765386000,0.96,10.0,9.6,0
1765386872,2025-12-11 01:14:32,BUY,Up,btc-updown-15m-1765386000,0.97,10.0,9.7,0
1765386872,2025-12-11 01:14:32,BUY,Up,btc-updown-15m-1765386000,0.97,10.0,9.7,0
1765386874,2025-12-11 01:14:34,BUY,Down,btc-updown-15m-1765386000,0.01,10.0,0.1,1
1765386874,2025-12-11 01:14:34,BUY,Down,btc-updown-15m-1765386000,0.01,10.0,0.1,1
1765386874,2025-12-11 01:14:34,BUY,Down,btc-updown-15m-1765386000,0.01,10.0,0.1,1
1765386874,2025-12-11 01:14:34,BUY,Down,btc-updown-15m-1765386000,0.01,10.0,0.1,1
1765386874,2025-12-11 01:14:34,BUY,Down,btc-updown-15m-1765386000,0.01,10.0,0.1,1
1765386874,2025-12-11 01:14:34,BUY,Down,btc-updown-15m-1765386000,0.01,10.0,0.1,1
1765386874,2025-12-11 01:14:34,BUY,Down,btc-updown-15m-1765386000,0.01,10.0,0.1,1
